code,omschrijving,bouwgrootte,vermogen,polen,bouwvorm,volt,ie_klasse,materiaal,vrije_voorraad,inkomend,bearing_de,bearing_nde,cooling,hs_code,insulation,max_temp,min_temp,mounting_pos,options,paint,protection,shaft_dim,standard_type,terminal_box_pos,tropical,weight
1E000.18D2F2.,MS631-2,63,0.18,2,B3,230/400,IE1,Aluminium,1,0,,,,,,,,,,,,,,,,
2E005.50D2F2.,MS2-132S1-2,132,5.5,2,B3,230/400,IE2,Aluminium,11,0,,,,,,,,,,,,,,,,
2M000.18D2F2.,EMS631-2,63,0.18,2,B3,230/400,IE2,Aluminium,33,0,6201 2RS C3,6201 2RS C3,IC411,8501510090,F/B,40,-20,B3-voet-horizontaal,,RAL5014 / RAL9005,IP55,11x23,IEC60034,Boven-A1,0.95,3.7
2M000.25D2F2.,EMS632-2,63,0.25,2,B3,230/400,IE2,Aluminium,73,0,6201 2RS C3,6201 2RS C3,IC411,8501510090,F/B,40,-20,B3-voet-horizontaal,,RAL5014 / RAL9005,IP55,11x23,IEC60034,Boven-A1,0.95,4
2M000.37D2F2.,EMS711-2,71,0.37,2,B3,230/400,IE2,Aluminium,84,0,6202 2RS C3,6202 2RS C3,IC411,8501510090,F/B,40,-20,B3-voet-horizontaal,,RAL5014 / RAL9005,IP55,14x30,IEC60034,Boven-A1,0.95,5.5
2M000.55D2F2.,EMS712-2,71,0.55,2,B3,230/400,IE2,Aluminium,27,36,6202 2RS C3,6202 2RS C3,IC411,8501510090,F/B,40,-20,B3-voet-horizontaal,,RAL5014 / RAL9005,IP55,14x30,IEC60034,Boven-A1,0.95,6.4
2M000.75D2F2.,EMS801-2,80,0.75,2,B3,230/400,IE2,Aluminium,0,0,6204 2RS C3,6204 2RS C3,IC411,8501510090,F/B,40,-20,B3-voet-horizontaal,,RAL5014 / RAL9005,IP55,19x40,IEC60034,Boven-A1,0.95,8.8
2M001.10D2F2.,EMS802-2,80,1.1,2,B3,230/400,IE2,Aluminium,0,0,6204 2RS C3,6204 2RS C3,IC411,8501522089,F/B,40,-20,B3-voet-horizontaal,,RAL5014 / RAL9005,IP55,19x40,IEC60034,Boven-A1,0.95,10
2M001.50D2F2.,EMS90S2,90,1.5,2,B3,230/400,IE2,Aluminium,0,0,6205 2RS C3,6205 2RS C3,IC411,8501522089,F/B,40,-20,B3-voet-horizontaal,,RAL5014 / RAL9005,IP55,24x50,IEC60034,Boven-A1,0.95,13
2M002.20D2F2.,EMS90L2,90,2.2,2,B3,230/400,IE2,Aluminium,0,0,6205 2RS C3,6205 2RS C3,IC411,8501522089,F/B,40,-20,B3-voet-horizontaal,,RAL5014 / RAL9005,IP55,24x50,IEC60034,Boven-A1,0.95,16
2M002.20D2F4.,EMS90L2,90,2.2,2,B3,400/690,IE2,Aluminium,0,0,6205 2RS C3,6205 2RS C3,IC411,8501522089,F/B,40,-20,B3-voet-horizontaal,,RAL5014 / RAL9005,IP55,24x50,IEC60034,Boven-A1,0.95,16
2M003.00D2F2.,EMS100L2,100,3.0,2,B3,230/400,IE2,Aluminium,0,0,6206 2RS C3,6206 2RS C3,IC411,8501522089,F/B,40,-20,B3-voet-horizontaal,,RAL5014 / RAL9005,IP55,28x60,IEC60034,Boven-A1,0.95,22
2M003.00D2F4.,EMS100L2,100,3.0,2,B3,400/690,IE2,Aluminium,0,0,6206 2RS C3,6206 2RS C3,IC411,8501522089,F/B,40,-20,B3-voet-horizontaal,,RAL5014 / RAL9005,IP55,28x60,IEC60034,Boven-A1,0.95,22
2M004.00D2F2.,EMS112M2,112,4.0,2,B3,230/400,IE2,Aluminium,0,0,6306 2RS C3,6306 2RS C3,IC411,8501522089,F/B,40,-20,B3-voet-horizontaal,,RAL5014 / RAL9005,IP55,28x60,IEC60034,Boven-A1,0.95,27
2M004.00D2F4.,EMS112M2,112,4.0,2,B3,400/690,IE2,Aluminium,0,0,6306 2RS C3,6306 2RS C3,IC411,8501522089,F/B,40,-20,B3-voet-horizontaal,,RAL5014 / RAL9005,IP55,28x60,IEC60034,Boven-A1,0.95,27
2M005.50D2F4.,EMS132S1-2,132,5.5,2,B3,400/690,IE2,Aluminium,0,0,6308 2RS C3,6308 2RS C3,IC411,8501522089,F/B,40,-20,B3-voet-horizontaal,,RAL5014 / RAL9005,IP55,38x80,IEC60034,Boven-A1,0.95,40
2M007.50D2F2.,EMS132S2-2,132,7.5,2,B3,230/400,IE2,Aluminium,0,0,6308 2RS C3,6308 2RS C3,IC411,8501522089,F/B,40,-20,B3-voet-horizontaal,,RAL5014 / RAL9005,IP55,38x80,IEC60034,Boven-A1,0.95,46
2M007.50D2F4.,EMS132S2-2,132,7.5,2,B3,400/690,IE2,Aluminium,0,0,6308 2RS C3,6308 2RS C3,IC411,8501522089,F/B,40,-20,B3-voet-horizontaal,,RAL5014 / RAL9005,IP55,38x80,IEC60034,Boven-A1,0.95,46
2S055.00D2F4.,YE2-250M2,250,55.0,2,B3,400/690,IE2,Gietijzer,1,0,6314 C3,6314 C3,IC411,8501529090,F/B,40,-20,B3-voet-horizontaal,PTC,RAL5014 / RAL5014,IP55,60x140,IEC60034,Boven-A1,0.95,385
2S075.00D2D4.,YE2-280S2,280,75.0,2,B5,400/690,IE2,Gietijzer,3,0,6314 C3,6314 C3,IC411,8501529090,F/B,40,-20,B5-flens-horizontaal,PTC,RAL5014 / RAL5014,IP55,65x140,IEC60034,Boven-A1,0.95,474
2SM000.18D2F2.,JEML631-2,63,0.18,2,B3,230/400,IE2,Aluminium,0,0,6201 2RS C3,6201 2RS C3,IC411,8501510090,F/B,40,-20,B3-voet-horizontaal,,RAL5014,IP55,11x23,IEC60034,Boven-A1,95,0
2SM000.25D2F2.,JEML632-2,63,0.25,2,B3,230/400,IE2,Aluminium,0,0,6201 2RS C3,6201 2RS C3,IC411,8501510090,F/B,40,-20,B3-voet-horizontaal,,RAL5014,IP55,11x23,IEC60034,Boven-A1,95,0
2SM000.37D2F2.,JEML711-2,71,0.37,2,B3,230/400,IE2,Aluminium,34,0,6202 2RS C3,6202 2RS C3,IC411,8501510090,F/B,40,-20,B3-voet-horizontaal,,RAL5014,IP55,14x30,IEC60034,Boven-A1,95,6.6
2SM000.55D2F2.,JEML712-2,71,0.55,2,B3,230/400,IE2,Aluminium,0,0,6202 2RS C3,6202 2RS C3,IC411,8501510090,F/B,40,-20,B3-voet-horizontaal,,RAL5014,IP55,14x30,IEC60034,Boven-A1,95,0
2SM000.75D2F2.,JEML801-2,80,0.75,2,B3,230/400,IE2,Aluminium,21,0,6204 2RS C3,6204 2RS C3,IC411,8501510090,F/B,40,-20,B3-voet-horizontaal,,RAL5014,IP55,19x40,IEC60034,Boven-A1,95,9.8
2SM001.10D2F2.,JEML802-2,80,1.1,2,B3,230/400,IE2,Aluminium,0,0,6204 2RS C3,6204 2RS C3,IC411,8501522089,F/B,40,-20,B3-voet-horizontaal,,RAL5014,IP55,19x40,IEC60034,Boven-A1,95,0
2SM001.50D2F2.,JEML90S2,90,1.5,2,B3,230/400,IE2,Aluminium,0,0,6205 2RS C3,6205 2RS C3,IC411,8501522089,F/B,40,-20,B3-voet-horizontaal,,RAL5014,IP55,24x50,IEC60034,Boven-A1,95,0
2SM002.20D2F2.,JEML90L2,90,2.2,2,B3,230/400,IE2,Aluminium,59,0,6205 2RS C3,6205 2RS C3,IC411,8501522089,F/B,40,-20,B3-voet-horizontaal,,RAL5014,IP55,24x50,IEC60034,Boven-A1,0.95,18.6
2SM003.00D2F2.,JEML100L2,100,3.0,2,B3,230/400,IE2,Aluminium,18,0,6206 2RS C3,6206 2RS C3,IC411,8501522089,F/B,40,-20,B3-voet-horizontaal,,RAL5014,IP55,28x60,IEC60034,Boven-A1,95,0
3E011.00D2D4.,T3CR-160M1-2,160,11.0,2,B5,400/690,IE3,Gietijzer,10,0,6309 2RS C3,6309 2RS C3,IC411,85015230 90,F/B,40,-20,B5-flens-horizontaal,PTC,RAL7030 / RAL7030,IP55,42x110,IEC60034,Boven-A1,0.95,113
3E011.00D2F2.,T3CR-160M1-2,160,11.0,2,B3,230/400,IE3,Gietijzer,0,0,6309 2RS C3,6309 2RS C3,IC411,85015230 90,F/B,40,-20,B3-voet-horizontaal,PTC,RAL7030 / RAL7030,IP55,42x110,IEC60034,Boven-A1,0.95,113
3E011.00D2F4.,T3CR-160M1-2,160,11.0,2,B3,400/690,IE3,Gietijzer,7,0,6309 2RS C3,6309 2RS C3,IC411,85015230 90,F/B,40,-20,B3-voet-horizontaal,PTC,RAL7030 / RAL7030,IP55,42x110,IEC60034,Boven-A1,0.95,113
3E015.00D2D4.,T3CR-160M2-2,160,15.0,2,B5,400/690,IE3,Gietijzer,11,0,6309 2RS C3,6309 2RS C3,IC411,85015230 90,F/B,40,-20,B5-flens-horizontaal,PTC,RAL7030 / RAL7030,IP55,42x110,IEC60034,Boven-A1,0.95,130
3E015.00D2F2.,T3CR-160M2-2,160,15.0,2,B3,230/400,IE3,Gietijzer,0,0,6309 2RS C3,6309 2RS C3,IC411,85015230 90,F/B,40,-20,B3-voet-horizontaal,PTC,RAL7030 / RAL7030,IP55,42x110,IEC60034,Boven-A1,0.95,130
3E015.00D2F4.,T3CR-160M2-2,160,15.0,2,B3,400/690,IE3,Gietijzer,4,0,6309 2RS C3,6309 2RS C3,IC411,85015230 90,F/B,40,-20,B3-voet-horizontaal,PTC,RAL7030 / RAL7030,IP55,42x110,IEC60034,Boven-A1,0.95,130
3E018.50D2D4.,T3CR-160L1-2,160,18.5,2,B5,400/690,IE3,Gietijzer,12,0,6309 2RS C3,6309 2RS C3,IC411,85015230 90,F/B,40,-20,B5-flens-horizontaal,PTC,RAL7030 / RAL7030,IP55,42x110,IEC60034,Boven-A1,0.95,141
3E018.50D2F4.,T3CR-160L1-2,160,18.5,2,B3,400/690,IE3,Gietijzer,15,0,6309 2RS C3,6309 2RS C3,IC411,85015230 90,F/B,40,-20,B3-voet-horizontaal,PTC,RAL7030 / RAL7030,IP55,42x110,IEC60034,Boven-A1,0.95,141
3E022.00D2D4.,T3CR-180M-2,180,22.0,2,B5,400/690,IE3,Gietijzer,15,0,6311 2RS C3,6311 2RS C3,IC411,85015230 90,F/B,40,-20,B5-flens-horizontaal,PTC,RAL7030 / RAL7030,IP55,48x110,IEC60034,Boven-A1,0.95,166
3E022.00D2F4.,T3CR-180M-2,180,22.0,2,B3,400/690,IE3,Gietijzer,18,0,6311 2RS C3,6311 2RS C3,IC411,85015230 90,F/B,40,-20,B3-voet-horizontaal,PTC,RAL7030 / RAL7030,IP55,48x110,IEC60034,Boven-A1,0.95,166
3E030.00D2D4.,T3CR-200L1-2,200,30.0,2,B5,400/690,IE3,Gietijzer,11,0,6312 2RS C3,6312 2RS C3,IC411,85015230 90,F/B,40,-20,B5-flens-horizontaal,PTC,RAL7030 / RAL7030,IP55,55x110,IEC60034,Boven-A1,0.95,226
3E030.00D2F4.,T3CR-200L1-2,200,30.0,2,B3,400/690,IE3,Gietijzer,15,0,6312 2RS C3,6312 2RS C3,IC411,85015230 90,F/B,40,-20,B3-voet-horizontaal,PTC,RAL7030 / RAL7030,IP55,55x110,IEC60034,Boven-A1,0.95,226
3E037.00D2D4.,T3CR-200L2-2,200,37.0,2,B5,400/690,IE3,Gietijzer,7,0,6312 2RS C3,6312 2RS C3,IC411,85015230 90,F/B,40,-20,B5-flens-horizontaal,PTC,RAL7030 / RAL7030,IP55,55x110,IEC60034,Boven-A1,0.95,244
3E037.00D2F4.,T3CR-200L2-2,200,37.0,2,B3,400/690,IE3,Gietijzer,8,0,6312 2RS C3,6312 2RS C3,IC411,85015230 90,F/B,40,-20,B3-voet-horizontaal,PTC,RAL7030 / RAL7030,IP55,55x110,IEC60034,Boven-A1,0.95,244
3E045.00D2D4.,T3CR-225M-2,225,45.0,2,B5,400/690,IE3,Gietijzer,4,0,6313 C3,6313 C3,IC411,85015290 90,F/B,40,-20,B5-flens-horizontaal,PTC,RAL7030 / RAL7030,IP55,55x110,IEC60034,Boven-A1,0.95,312
3E045.00D2F4.,T3CR-225M-2,225,45.0,2,B3,400/690,IE3,Gietijzer,14,0,6313 C3,6313 C3,IC411,85015290 90,F/B,40,-20,B3-voet-horizontaal,PTC,RAL7030 / RAL7030,IP55,55x110,IEC60034,Boven-A1,0.95,312
3E055.00D2D4.,T3CR-250M-2,250,55.0,2,B5,400/690,IE3,Gietijzer,3,0,6314 C3,6314 C3,IC411,85015290 90,F/B,40,-20,B5-flens-horizontaal,PTC,RAL7030 / RAL7030,IP55,60x140,IEC60034,Boven-A1,0.95,363
3E055.00D2F4.,T3CR-250M-2,250,55.0,2,B3,400/690,IE3,Gietijzer,9,0,6314 C3,6314 C3,IC411,85015290 90,F/B,40,-20,B3-voet-horizontaal,PTC,RAL7030 / RAL7030,IP55,60x140,IEC60034,Boven-A1,0.95,363
3E075.00D2D4.,T3CR-280S-2,280,75.0,2,B5,400/690,IE3,Gietijzer,4,0,6316 C3,6316 C3,IC411,85015290 90,F/B,40,-20,B5-flens-horizontaal,PTC,RAL7030 / RAL7030,IP55,65x140,IEC60034,Boven-A1,0.95,531
3E075.00D2F4.,T3CR-280S-2,280,75.0,2,B3,400/690,IE3,Gietijzer,6,0,6316 C3,6316 C3,IC411,85015290 90,F/B,40,-20,B3-voet-horizontaal,PTC,RAL7030 / RAL7030,IP55,65x140,IEC60034,Boven-A1,0.95,531
3E090.00D2D4.,T3CR-280M-2,280,90.0,2,B5,400/690,IE3,Gietijzer,0,0,6316 C3,6316 C3,IC411,85015381 90,F/B,40,-20,B5-flens-horizontaal,PTC,RAL7030 / RAL7030,IP55,65x140,IEC60034,Boven-A1,0.95,604
3E090.00D2F4.,T3CR-280M-2,280,90.0,2,B3,400/690,IE3,Gietijzer,5,0,6316 C3,6316 C3,IC411,85015381 91,F/B,40,-20,B3-voet-horizontaal,PTC,RAL7030 / RAL7030,IP55,65x140,IEC60034,Boven-A1,0.95,604
3E110.00D2F4.,T3C-315S-2,315,110.0,2,B3,400/690,IE3,Gietijzer,2,0,6317 C3,6317 C3,IC411,85015381 95,F/B,40,-20,B3-voet-horizontaal,PTC,RAL7030 / RAL7030,IP55,65x140,IEC60034,Boven-A1,0.95,833
3E132.00D2F4.,T3C-315M-2,315,132.0,2,B3,400/690,IE3,Gietijzer,0,0,6317 C3,6317 C3,IC411,85015381 99,F/B,40,-20,B3-voet-horizontaal,PTC,RAL7030 / RAL7030,IP55,80x170,IEC60034,Boven-A1,0.95,976
3E160.00D2F4.,T3C-315L1-2,315,160.0,2,B3,400/690,IE3,Gietijzer,0,0,6317 C3,6317 C3,IC411,85015381 103,F/B,40,-20,B3-voet-horizontaal,PTC,RAL7030 / RAL7030,IP55,65x140,IEC60034,Boven-A1,0.95,1045
3E250.00D2F4.,T3C-355M2-2,355,250.0,2,V1,400/690,IE3,Gietijzer,0,0,,,,,,,,,,,,,,,,
3E355.00D2K4.,T3C-355L3-2,355,355.0,2,B3,400/690,IE3,Gietijzer,0,0,6224 C3,6224 C3,IC411,8501538190,F/B,40,-20,B3-voet-horizontaal,PTC,RAL7030 / RAL7030,IP55,100x210,IEC60034,Boven-A1,0.95,0
3EC000.75D2D2.,T3CR-801-2,80,0.75,2,B5,230/400,IE3,Gietijzer,15,0,6204 2RS C3,6204 2RS C3,IC411,8501510090,F/B,40,-20,B5-flens-horizontaal,PTC,RAL7030,IP55,19x40,IEC60034,Boven-A1,0.95,14.4
3EC000.75D2F2.,T3CR-801-2,80,0.75,2,B3,230/400,IE3,Gietijzer,19,0,6204 2RS C3,6204 2RS C3,IC411,8501510090,F/B,40,-20,B3-voet-horizontaal,PTC,RAL7030,IP55,19x40,IEC60034,Boven-A1,0.95,14.4
3EC001.10D2D2.,T3CR-802-2,80,1.1,2,B5,230/400,IE3,Gietijzer,24,0,6204 2RS C3,6204 2RS C3,IC411,8501522089,F/B,40,-20,B5-flens-horizontaal,PTC,RAL7030,IP55,19x40,IEC60034,Boven-A1,0.95,17.2
3EC001.10D2F2.,T3CR-802-2,80,1.1,2,B3,230/400,IE3,Gietijzer,24,0,6204 2RS C3,6204 2RS C3,IC411,8501522089,F/B,40,-20,B3-voet-horizontaal,PTC,RAL7030,IP55,19x40,IEC60034,Boven-A1,0.95,17.2
3EC001.50D2D2.,T3CR-90S-2,90,1.5,2,B5,230/400,IE3,Gietijzer,8,0,6205 2RS C3,6205 2RS C3,IC411,8501522089,F/B,40,-20,B5-flens-horizontaal,PTC,RAL7030,IP55,24x50,IEC60034,Boven-A1,0.95,20.6
3EC001.50D2F2.,T3CR-90S-2,90,1.5,2,B3,230/400,IE3,Gietijzer,15,0,6205 2RS C3,6205 2RS C3,IC411,8501522089,F/B,40,-20,B3-voet-horizontaal,PTC,RAL7030,IP55,24x50,IEC60034,Boven-A1,0.95,20.6
3EC002.20D2D2.,T3CR-90L-2,90,2.2,2,B5,230/400,IE3,Gietijzer,15,0,6205 2RS C3,6205 2RS C3,IC411,8501522089,F/B,40,-20,B5-flens-horizontaal,PTC,RAL7030,IP55,24x50,IEC60034,Boven-A1,0.95,23.9
3EC002.20D2D4.,T3CR-90L-2,90,2.2,2,B5,400/690,IE3,Gietijzer,7,0,6205 2RS C3,6205 2RS C3,IC411,8501522089,F/B,40,-20,B5-flens-horizontaal,PTC,RAL7030,IP55,24x50,IEC60034,Boven-A1,0.95,23.5
3EC002.20D2F2.,T3CR-90L-2,90,2.2,2,B3,230/400,IE3,Gietijzer,8,0,6205 2RS C3,6205 2RS C3,IC411,8501522089,F/B,40,-20,B3-voet-horizontaal,PTC,RAL7030,IP55,24x50,IEC60034,Boven-A1,0.95,23.5
3EC002.20D2F4.,T3CR-90L-2,90,2.2,2,B3,400/690,IE3,Gietijzer,10,0,6205 2RS C3,6205 2RS C3,IC411,8501522089,F/B,40,-20,B3-voet-horizontaal,PTC,RAL7030,IP55,24x50,IEC60034,Boven-A1,0.95,23.5
3EC003.00D2D4.,T3CR-100L-2,100,3.0,2,B5,400/690,IE3,Gietijzer,5,10,6206 2RS C3,6206 2RS C3,IC411,8501522089,F/B,40,-20,B5-flens-horizontaal,PTC,RAL7030,IP55,28x60,IEC60034,Boven-A1,0.95,34.1
3EC003.00D2F4.,T3CR-100L-2,100,3.0,2,B3,400/690,IE3,Gietijzer,8,10,6206 2RS C3,6206 2RS C3,IC411,8501522089,F/B,40,-20,B3-voet-horizontaal,PTC,RAL7030,IP55,28x60,IEC60034,Boven-A1,0.95,34.1
3EC004.00D2D4.,T3CR-112M-2,112,4.0,2,B5,400/690,IE3,Gietijzer,7,0,6306 2RS C3,6306 2RS C3,IC411,8501522089,F/B,40,-20,B5-flens-horizontaal,PTC,RAL7030,IP55,28x60,IEC60034,Boven-A1,0.95,42.2
3EC004.00D2F4.,T3CR-112M-2,112,4.0,2,B3,400/690,IE3,Gietijzer,0,32,6306 2RS C3,6306 2RS C3,IC411,8501522089,F/B,40,-20,B3-voet-horizontaal,PTC,RAL7030,IP55,28x60,IEC60034,Boven-A1,0.95,42.2
3EC005.50D2D4.,T3CR-132S1-2,132,5.5,2,B5,400/690,IE3,Gietijzer,8,0,6308 2RS C3,6308 2RS C3,IC411,8501522089,F/B,40,-20,B5-flens-horizontaal,PTC,RAL7030,IP55,38x80,IEC60034,Boven-A1,0.95,60.5
3EC005.50D2F4.,T3CR-132S1-2,132,5.5,2,B3,400/690,IE3,Gietijzer,2,12,6308 2RS C3,6308 2RS C3,IC411,8501522089,F/B,40,-20,B3-voet-horizontaal,PTC,RAL7030,IP55,38x80,IEC60034,Boven-A1,0.95,60.5
3EC007.50D2D4.,T3CR-132S2-2,132,7.5,2,B5,400/690,IE3,Gietijzer,10,0,6308 2RS C3,6308 2RS C3,IC411,8501522089,F/B,40,-20,B5-flens-horizontaal,PTC,RAL7030,IP55,38x80,IEC60034,Boven-A1,0.95,68.3
3EC007.50D2F4.,T3CR-132S2-2,132,7.5,2,B3,400/690,IE3,Gietijzer,15,0,6308 2RS C3,6308 2RS C3,IC411,8501522089,F/B,40,-20,B3-voet-horizontaal,PTC,RAL7030,IP55,38x80,IEC60034,Boven-A1,0.95,68.3
3M000.75D2F2.,HMS801-2,80,0.75,2,B3,230/400,IE3,Aluminium,83,0,6204 2RS C3,6204 2RS C3,IC411,8501510090,F/B,40,-20,B3-voet-horizontaal,PTC,RAL7030 / RAL9005,IP55,19x40,IEC60034,Boven-A1,0.95,10
3M001.10D2F2.,HMS802-2,80,1.1,2,B3,230/400,IE3,Aluminium,171,0,6204 2RS C3,6204 2RS C3,IC411,8501522089,F/B,40,-20,B3-voet-horizontaal,PTC,RAL7030 / RAL9005,IP55,19x40,IEC60034,Boven-A1,0.95,13
3M001.50D2F2.,HMS90S2,90,1.5,2,B3,230/400,IE3,Aluminium,75,0,6205 2RS C3,6205 2RS C3,IC411,8501522089,F/B,40,-20,B3-voet-horizontaal,PTC,RAL7030 / RAL9005,IP55,24x50,IEC60034,Boven-A1,0.95,15.8
3M002.20D2F2.,HMS90L-2,90,2.2,2,B3,230/400,IE3,Aluminium,174,0,6205 2RS C3,6205 2RS C3,IC411,8501522089,F/B,40,-20,B3-voet-horizontaal,PTC,RAL7030 / RAL9005,IP55,24x50,IEC60034,Boven-A1,0.95,16.7
3M002.20D2F4.,HMS90L2,90,2.2,2,B3,400/690,IE3,Aluminium,70,0,6205 2RS C3,6205 2RS C3,IC411,8501522089,F/B,40,-20,B3-voet-horizontaal,PTC,RAL7030 / RAL9005,IP55,24x50,IEC60034,Boven-A1,0.95,16.7
3M003.00D2F2.,HMS100L1-2,100,3.0,2,B3,230/400,IE3,Aluminium,89,0,6206 2RS C3,6206 2RS C3,IC411,8501522089,F/B,40,-20,B3-voet-horizontaal,PTC,RAL7030 / RAL9005,IP55,28x60,IEC60034,Boven-A1,0.95,26
3M003.00D2F4.,HMS100L1-2,100,3.0,2,B3,400/690,IE3,Aluminium,34,0,6206 2RS C3,6206 2RS C3,IC411,8501522089,F/B,40,-20,B3-voet-horizontaal,PTC,RAL7030 / RAL9005,IP55,28x60,IEC60034,Boven-A1,0.95,26
3M004.00D2F2.,HMS112M2,112,4.0,2,B3,230/400,IE3,Aluminium,28,0,6306 2RS C3,6306 2RS C3,IC411,8501522089,F/B,40,-20,B3-voet-horizontaal,PTC,RAL7030 / RAL9005,IP55,28x60,IEC60034,Boven-A1,0.95,34.4
3M004.00D2F4.,HMS112M2,112,4.0,2,B3,400/690,IE3,Aluminium,31,54,6306 2RS C3,6306 2RS C3,IC411,8501522089,F/B,40,-20,B3-voet-horizontaal,PTC,7030-9005,IP55,28x60,IEC60034,Boven-A1,0.95,34
3M005.50D2F2.,HMS132S1-2,132,5.5,2,B3,230/400,IE3,Aluminium,12,0,6308 2RS C3,6308 2RS C3,IC411,8501522089,F/B,40,-20,B3-voet-horizontaal,PTC,RAL7030 / RAL9005,IP55,38x80,IEC60034,Boven-A1,0.95,45
3M005.50D2F4.,HMS132S1-2,132,5.5,2,B3,400/690,IE3,Aluminium,52,0,6308 2RS C3,6308 2RS C3,IC411,8501522089,F/B,40,-20,B3-voet-horizontaal,PTC,RAL7030 / RAL9005,IP55,38x80,IEC60034,Boven-A1,0.95,45
3M007.50D2F2.,HMS132S2-2,132,7.5,2,B3,230/400,IE3,Aluminium,11,12,6308 2RS C3,6308 2RS C3,IC411,8501522089,F/B,40,-20,B3-voet-horizontaal,PTC,RAL7030 / RAL9005,IP55,38x80,IEC60034,Boven-A1,0.95,62
3M007.50D2F4.,HMS132S2-2,132,7.5,2,B3,400/690,IE3,Aluminium,56,0,6308 2RS C3,6308 2RS C3,IC411,8501522089,F/B,40,-20,B3-voet-horizontaal,PTC,RAL7030 / RAL9005,IP55,38x80,IEC60034,Boven-A1,0.95,62
3M011.00D2F4.,HMS160M1-2,160,11.0,2,B3,400/690,IE3,Aluminium,1,0,6309 2RS C3,6309 2RS C3,IC411,8501523090,F/B,40,-20,B3-voet-horizontaal,PTC,RAL7030 / RAL9005,IP55,42x110,IEC60034,Boven-A1,0.95,86
3S011.00D2D4.,YE3-160M1-2,160,11.0,2,B5,400/690,IE3,Gietijzer,3,0,6309 2RS C3,6309 2RS C3,IC411,8501523090,F/B,40,-20,B5-flens-horizontaal,PTC,RAL7030 / RAL7030,IP55,42x110,IEC60034,Boven-A1,0.95,130
3S011.00D2F2.,YE3-160XM1-2,160,11.0,2,B3,230/400,IE3,Gietijzer,2,0,6309 2RS C3,6309 2RS C3,IC411,8501523090,F/B,40,-20,B3-voet-horizontaal,PTC,RAL7030 / RAL7030,IP55,42x110,IEC60034,Boven-A1,0.95,130
3S011.00D2F4.,YE3-160XM-2,160,11.0,2,B3,400/690,IE3,Gietijzer,15,0,6309 2RS C3,6309 2RS C3,IC411,8501523090,F/B,40,-20,B3-voet-horizontaal,PTC,RAL7030 / RAL7030,IP55,42x110,IEC60034,Boven-A1,0.95,130
3S015.00D2D4.,YE3-160XM2-2,160,15.0,2,B5,400/690,IE3,Gietijzer,0,0,6309 2RS C3,6309 2RS C3,IC411,8501523090,F/B,40,-20,B5-flens-horizontaal,PTC,RAL7030 / RAL7030,IP55,42x110,IEC60034,Boven-A1,0.95,140
3S015.00D2F2.,YE3-160M2-2,160,15.0,2,B3,230/400,IE3,Gietijzer,0,0,6309 2RS C3,6309 2RS C3,IC411,8501523090,F/B,40,-20,B3-voet-horizontaal,PTC,RAL7030 / RAL7030,IP55,42x110,IEC60034,Boven-A1,0.95,140
3S015.00D2F4.,YE3-160XM2-2,160,15.0,2,B3,400/690,IE3,Gietijzer,17,0,6309 2RS C3,6309 2RS C3,IC411,8501523090,F/B,40,-20,B3-voet-horizontaal,PTC,RAL7030 / RAL7030,IP55,42x110,IEC60034,Boven-A1,0.95,140
3S018.50D2D4.,YE3-160XL-2,160,18.5,2,B5,400/690,IE3,Gietijzer,0,0,6309 2RS C3,6309 2RS C3,IC411,8501523090,F/B,40,-20,B5-flens-horizontaal,PTC,RAL7030 / RAL7030,IP55,42x110,IEC60034,Boven-A1,0.95,150
3S018.50D2F4.,YE3-160XL-2,160,18.5,2,B3,400/690,IE3,Gietijzer,0,0,6309 2RS C3,6309 2RS C3,IC411,8501523090,F/B,40,-20,B3-voet-horizontaal,PTC,RAL7030 / RAL7030,IP55,42x110,IEC60034,Boven-A1,0.95,150
3S022.00D2F4.,YE3-180XM-2,180,22.0,2,B3,400/690,IE3,Gietijzer,0,0,6311 2RS C3,6311 2RS C3,IC411,8501523090,F/B,40,-20,B3-voet-horizontaal,PTC,RAL7030 / RAL7030,IP55,48x110,IEC60034,Boven-A1,0.95,200
3S030.00D2D4.,YE3-200L1-2,200,30.0,2,B5,400/690,IE3,Gietijzer,5,0,6312 2RS C3,6312 2RS C3,IC411,8501523090,F/B,40,-20,B5-flens-horizontaal,PTC,RAL7030 / RAL7030,IP55,55x110,IEC60034,Boven-A1,0.95,260
3S030.00D2F4.,YE3-200L1-2,200,30.0,2,B3,400/690,IE3,Gietijzer,11,0,6312 2RS C3,6312 2RS C3,IC411,8501523090,F/B,40,-20,B3-voet-horizontaal,PTC,RAL7030 / RAL7030,IP55,55x110,IEC60034,Boven-A1,0.95,260
3S037.00D2D4.,YE3-200L2-2,200,37.0,2,B5,400/690,IE3,Gietijzer,0,0,6312 2RS C3,6312 2RS C3,IC411,8501523090,F/B,40,-20,B5-flens-horizontaal,PTC,RAL7030 / RAL7030,IP55,55x110,IEC60034,Boven-A1,0.95,270
3S037.00D2F4.,YE3-200L2-2,200,37.0,2,B3,400/690,IE3,Gietijzer,0,0,6312 2RS C3,6312 2RS C3,IC411,8501523090,F/B,40,-20,B3-voet-horizontaal,PTC,RAL7030 / RAL7030,IP55,55x110,IEC60034,Boven-A1,0.95,270
3S045.00D2D4.,YE3-225M-2,225,45.0,2,B5,400/690,IE3,Gietijzer,0,0,6313 C3,6313 C3,IC411,8501529090,F/B,40,-20,B5-flens-horizontaal,PTC,RAL7030 / RAL7030,IP55,55x110,IEC60034,Boven-A1,0.95,330
3S045.00D2F4.,YE3-225M2,225,45.0,2,B3,400/690,IE3,Gietijzer,9,0,6313 C3,6313 C3,IC411,8501529090,F/B,40,-20,B3-voet-horizontaal,PTC,RAL7030 / RAL7030,IP55,55x110,IEC60034,Boven-A1,0.95,330
3S055.00D2D4.,YE3-250M2,250,55.0,2,B5,400/690,IE3,Gietijzer,1,0,6314 C3,6314 C3,IC411,8501529090,F/B,40,-20,B5-flens-horizontaal,PTC,RAL7030 / RAL7030,IP55,60x140,IEC60034,Boven-A1,0.95,450
3S055.00D2F4.,YE3-250M2,250,55.0,2,B3,400/690,IE3,Gietijzer,0,0,6314 C3,6314 C3,IC411,8501529090,F/B,40,-20,B3-voet-horizontaal,PTC,RAL7030 / RAL7030,IP55,60x140,IEC60034,Boven-A1,0.95,450
3S075.00D2F4.,YE3-280S-2,280,75.0,2,B3,400/690,IE3,Gietijzer,0,0,6314 C3,6314 C3,IC411,8501529090,F/B,40,-20,B3-voet-horizontaal,PTC,RAL7030 / RAL7030,IP55,65x140,IEC60034,Boven-A1,0.95,580
3S090.00D2D4.,YE3-280M2,280,90.0,2,B5,400/690,IE3,Gietijzer,2,0,6314 C3,6314 C3,IC411,8501538190,F/B,40,-20,B5-flens-horizontaal,PTC,RAL7030 / RAL7030,IP55,65x140,IEC60034,Boven-A1,0.95,630
3S090.00D2F4.,YE3-280M2,280,90.0,2,B3,400/690,IE3,Gietijzer,4,0,6314 C3,6314 C3,IC411,8501538190,F/B,40,-20,B3-voet-horizontaal,PTC,RAL7030 / RAL7030,IP55,65x140,IEC60034,Boven-A1,0.95,630
3XE011.00D2F4.,T3CR-132M2-2,132,11.0,2,B3,400/690,IE3,Gietijzer,0,0,6308 2RS C3,6308 2RS C3,IC411,85015230 90,F/B,40,-20,B3-voet-horizontaal,PTC,RAL7030 / RAL7030,IP55,38x80,IEC60034,Boven-A1,0.95,63.5
3XE022.00D2F4.,T3CR-160L-2,160,22.0,2,B3,400/690,IE3,Gietijzer,10,0,6309 2RS C3,6309 2RS C3,IC411,8501523090,F/B,40,-20,B3-voet-horizontaal,PTC,RAL7030 / RAL7030,IP55,42x110,IEC60034,Boven-A1,0.95,0
3XE030.00D2F4.,T3CR-180L-2,180,30.0,2,B3,400/690,IE3,Gietijzer,12,8,6311 2RS C3,6311 2RS C3,IC411,8501523090,F/B,40,-20,B3-voet-horizontaal,PTC,RAL7030 / RAL7030,IP55,48x110,IEC60034,Boven-A1,0.95,196
3XE045.00D2F4.,T3CR-200L3-2,200,45.0,2,B35,400/690,IE3,Gietijzer,10,0,6312 2RS C3,6312 2RS C3,IC411,8501529090,F/B,40,-20,B3-voet-horizontaal,PTC,RAL7030 / RAL7030,IP55,55x110,IEC60034,Boven-A1,0.95,271
3XE055.00D2F4.,T3CR-225M-2,225,55.0,2,B3,400/690,IE3,Gietijzer,1,4,6313 C3,6313 C3,IC411,8501529090,F/B,40,-20,B3-voet-horizontaal,PTC,RAL7030 / RAL7030,IP55,55x110,IEC60034,Boven-A1,0.95,363
3XE075.00D2D4.,T3CR-250M-2,250,75.0,2,B5,400/690,IE3,Gietijzer,2,0,6314 C3,6314 C3,IC411,8501529090,F/B,40,-20,B5-flens-horizontaal,PTC,RAL7030 / RAL7030,IP55,60x140,IEC60034,Boven-A1,0.95,445
3XE075.00D2F4.,T3CR-250M-2,250,75.0,2,B3,400/690,IE3,Gietijzer,4,0,6314 C3,6314 C3,IC411,8501529090,F/B,40,-20,B3-voet-horizontaal,PTC,RAL7030 / RAL7030,IP55,60x140,IEC60034,Boven-A1,0.95,445
3XE110.00D2F4.,T3CR-280M2-2,280,110.0,2,B3,400/690,IE3,Gietijzer,0,2,6316 C3,6316 C3,IC411,8501538190,F/B,40,-20,B3-voet-horizontaal,PTC,RAL7030 / RAL7030,IP55,65x140,IEC60034,Boven-A1,0.95,661
3XS022.00D2F4.,XE3-160L-2,160,22.0,2,B3,400/690,IE3,Gietijzer,0,0,6309 2RS C3,6309 2RS C3,IC411,8501523090,F/B,40,-20,B3-voet-horizontaal,PTC,RAL7030 / RAL7030,IP55,42x110,IEC60034,Boven-A1,0.95,156
3XS030.00D2F4.,XE3-180L-2,180,30.0,2,B3,400/690,IE3,Gietijzer,0,0,6311 2RS C3,6311 2RS C3,IC411,8501523090,F/B,40,-20,B3-voet-horizontaal,PTC,RAL7030 / RAL7030,IP55,48x110,IEC60034,Boven-A1,0.95,203
3XS045.00D2F4.,XE3-200L-2,200,45.0,2,B3,400/690,IE3,Gietijzer,4,0,6312 2RS C3,6312 2RS C3,IC411,8501529090,F/B,40,-20,B3-voet-horizontaal,PTC,RAL7030 / RAL7030,IP55,55x110,IEC60034,Boven-A1,0.95,277
3XS055.00D2F4.,XE3-225M-2,225,55.0,2,B3,400/690,IE3,Gietijzer,0,0,6313 C3,6313 C3,IC411,8501529090,F/B,40,-20,B3-voet-horizontaal,PTC,RAL7030 / RAL7030,IP55,55x110,IEC60034,Boven-A1,0.95,338
3XS075.00D2D4.,XE3-250M-2,250,75.0,2,B5,400/690,IE3,Gietijzer,0,0,6314 C3,6314 C3,IC411,8501529090,F/B,40,-20,B5-flens-horizontaal,PTC,RAL7030 / RAL7030,IP55,60x140,IEC60034,Boven-A1,0.95,460
3XS075.00D2F4.,XE3-250M-2,250,75.0,2,B3,400/690,IE3,Gietijzer,0,0,6314 C3,6314 C3,IC411,8501529090,F/B,40,-20,B3-voet-horizontaal,PTC,RAL7030 / RAL7030,IP55,60x140,IEC60034,Boven-A1,0.95,460
3XS110.00D2F4.,XE3-280M-2,280,110.0,2,B3,400/690,IE3,Gietijzer,0,0,6314 C3,6314 C3,IC411,8501538190,F/B,40,-20,B3-voet-horizontaal,PTC,RAL7030 / RAL7030,IP55,65x140,IEC60034,Boven-A1,0.95,635
3Y018.50D2F2.,YE3-160L2,160,18.5,2,B3,230/400,IE3,Gietijzer,2,0,6309 ZZ C3,6309 ZZ C3,IC411,8501523090,F/B,40,-20,B3-voet-horizontaal,PTC,RAL7030 / RAL7030,IP55,42x110,IEC60034,Boven-A1,0.95,183
3Y022.00D2F2.,YE3-180M2,180,22.0,2,B3,230/400,IE3,Gietijzer,0,0,6311 ZZ C3,6311 ZZ C3,IC411,8501523090,F/B,40,-20,B3-voet-horizontaal,PTC,RAL7030 / RAL7030,IP55,48x110,IEC60034,Boven-A1,0.95,235
3Y200.00D2F4.,YE3-315L2-2,315,200.0,2,B3,400/690,IE3,Gietijzer,1,0,6316 C3,6316 C3,IC411,8501538190,F/B,40,-20,B3-voet-horizontaal,PTC,RAL7030 / RAL7030,IP55,65x140,IEC60034,Boven-A1,0.95,1358
4E000.75D2F2.,T4A-801-2,80,0.75,2,B3,230/400,IE4,Aluminium,7,15,6204 2RS C3,6204 2RS C3,IC411,8501510090,F/B,40,-20,B3-voet-horizontaal,PTC,RAL7024 / RAL7024,IP55,19x40,IEC60034,Boven-A1,0.95,9.5
4E001.10D2F2.,T4A-802-2,80,1.1,2,B3,230/400,IE4,Aluminium,12,0,6204 2RS C3,6204 2RS C3,IC411,8501522089,F/B,40,-20,B3-voet-horizontaal,PTC,RAL7024 / RAL7024,IP55,19x40,IEC60034,Boven-A1,0.95,12
4E001.50D2F2.,T4A-90S-2,90,1.5,2,B3,230/400,IE4,Aluminium,12,0,6205 2RS C3,6205 2RS C3,IC411,8501522089,F/B,40,-20,B3-voet-horizontaal,PTC,RAL7024 / RAL7024,IP55,24x50,IEC60034,Boven-A1,0.95,14.5
4E002.20D2F2.,T4A-90L-2,90,2.2,2,B3,230/400,IE4,Aluminium,16,0,6205 2RS C3,6205 2RS C3,IC411,8501522089,F/B,40,-20,B3-voet-horizontaal,PTC,RAL7024 / RAL7024,IP55,24x50,IEC60034,Boven-A1,0.95,18.5
4E002.20D2F4.,T4A-90L-2,90,2.2,2,B3,400/690,IE4,Aluminium,7,0,6205 2RS C3,6205 2RS C3,IC411,8501522089,F/B,40,-20,B3-voet-horizontaal,PTC,RAL7024 / RAL7024,IP55,24x50,IEC60034,Boven-A1,0.95,18.5
4E003.00D2F2.,T4A-100L1-2,100,3.0,2,B3,230/400,IE4,Aluminium,8,0,6206 2RS C3,6206 2RS C3,IC411,8501522089,F/B,40,-20,B3-voet-horizontaal,PTC,RAL7024 / RAL7024,IP55,28x60,IEC60034,Boven-A1,0.95,28
4E003.00D2F4.,T4A-100L1-2,100,3.0,2,B3,400/690,IE4,Aluminium,6,0,6206 2RS C3,6206 2RS C3,IC411,8501522089,F/B,40,-20,B3-voet-horizontaal,PTC,RAL7024 / RAL7024,IP55,28x60,IEC60034,Boven-A1,0.95,28
4E004.00D2F2.,T4A-112M1-2,112,4.0,2,B3,230/400,IE4,Aluminium,7,0,6306 2RS C3,6206 2RS C3,IC411,8501522089,F/B,40,-20,B3-voet-horizontaal,PTC,RAL7024 / RAL7024,IP55,28x60,IEC60034,Boven-A1,0.95,35
4E004.00D2F4.,T4A-112M1-2,112,4.0,2,B3,400/690,IE4,Aluminium,14,0,6306 2RS C3,6206 2RS C3,IC411,8501522089,F/B,40,-20,B3-voet-horizontaal,PTC,RAL7024 / RAL7024,IP55,28x60,IEC60034,Boven-A1,0.95,35
4E005.50D2F4.,T4A-132S1-2,132,5.5,2,B3,400/690,IE4,Aluminium,5,0,6308 2RS C3,6208 2RS C3,IC411,8501522089,F/B,40,-20,B3-voet-horizontaal,PTC,RAL7024 / RAL7024,IP55,38x80,IEC60034,Boven-A1,0.95,49
4E007.50D2F4.,T4A-132S2-2,132,7.5,2,B3,400/690,IE4,Aluminium,18,0,6308 2RS C3,6208 2RS C3,IC411,8501522089,F/B,40,-20,B3-voet-horizontaal,PTC,RAL7024 / RAL7024,IP55,38x80,IEC60034,Boven-A1,0.95,59
4E011.00D2D4.,T4CR-160M1-2,160,11.0,2,B5,400/690,IE4,Gietijzer,0,0,6309 2RS C3,6309 2RS C3,IC411,8501523090,F/B,40,-20,B5-flens-horizontaal,PTC,RAL7024 / RAL7024,IP55,42x110,IEC60034,Boven-A1,0.95,129
4E011.00D2F2.,T4CR-160M1-2,160,11.0,2,B3,230/400,IE4,Gietijzer,0,0,6309 2RS C3,6309 2RS C3,IC411,8501523090,F/B,40,-20,B3-voet-horizontaal,PTC,RAL7024 / RAL7024,IP55,42x110,IEC60034,Boven-A1,0.95,129
4E011.00D2F4.,T4CR-160M1-2,160,11.0,2,B3,400/690,IE4,Gietijzer,6,0,6309 2RS C3,6309 2RS C3,IC411,8501523090,F/B,40,-20,B3-voet-horizontaal,PTC,RAL7024 / RAL7024,IP55,42x110,IEC60034,Boven-A1,0.95,129
4E015.00D2D4.,T4CR-160M2-2,160,15.0,2,B5,400/690,IE4,Gietijzer,0,0,6309 2RS C3,6309 2RS C3,IC411,8501523090,F/B,40,-20,B5-flens-horizontaal,PTC,RAL7024 / RAL7024,IP55,42x110,IEC60034,Boven-A1,0.95,155
4E015.00D2F2.,T4CR-160M2-2,160,15.0,2,B3,230/400,IE4,Gietijzer,0,0,6309 2RS C3,6309 2RS C3,IC411,8501523090,F/B,40,-20,B3-voet-horizontaal,PTC,RAL7024 / RAL7024,IP55,42x110,IEC60034,Boven-A1,0.95,155
4E015.00D2F4.,T4CR-160M2-2,160,15.0,2,B3,400/690,IE4,Gietijzer,0,0,6309 2RS C3,6309 2RS C3,IC411,8501523090,F/B,40,-20,B3-voet-horizontaal,PTC,RAL7024 / RAL7024,IP55,42x110,IEC60034,Boven-A1,0.95,155
4E018.50D2D4.,T4CR-160L1-2,160,18.5,2,B5,400/690,IE4,Gietijzer,0,0,6309 2RS C3,6309 2RS C3,IC411,8501523090,F/B,40,-20,B5-flens-horizontaal,PTC,RAL7024 / RAL7024,IP55,42x110,IEC60034,Boven-A1,0.95,176
4E018.50D2F4.,T4CR-160L1-2,160,18.5,2,B3,400/690,IE4,Gietijzer,8,0,6309 2RS C3,6309 2RS C3,IC411,8501523090,F/B,40,-20,B3-voet-horizontaal,PTC,RAL7024 / RAL7024,IP55,42x110,IEC60034,Boven-A1,0.95,176
4E022.00D2D4.,T4CR-180M-2,180,22.0,2,B5,400/690,IE4,Gietijzer,0,0,6311 2RS C3,6311 2RS C3,IC411,8501523090,F/B,40,-20,B5-flens-horizontaal,PTC,RAL7024 / RAL7024,IP55,48x110,IEC60034,Boven-A1,0.95,220
4E022.00D2F4.,T4CR-180M-2,180,22.0,2,B3,400/690,IE4,Gietijzer,7,0,6311 2RS C3,6311 2RS C3,IC411,8501523090,F/B,40,-20,B3-voet-horizontaal,PTC,RAL7024 / RAL7024,IP55,48x110,IEC60034,Boven-A1,0.95,220
4E030.00D2D4.,T4CR-200L1-2,200,30.0,2,B5,400/690,IE4,Gietijzer,0,0,6312 2RS C3,6312 2RS C3,IC411,8501523090,F/B,40,-20,B5-flens-horizontaal,PTC,RAL7024 / RAL7024,IP55,55x110,IEC60034,Boven-A1,0.95,246
4E030.00D2F4.,T4CR-200L1-2,200,30.0,2,B3,400/690,IE4,Gietijzer,6,0,6312 2RS C3,6312 2RS C3,IC411,8501523090,F/B,40,-20,B3-voet-horizontaal,PTC,RAL7024 / RAL7024,IP55,55x110,IEC60034,Boven-A1,0.95,246
4E037.00D2D4.,T4CR-200L2-2,200,37.0,2,B5,400/690,IE4,Gietijzer,0,0,6312 2RS C3,6312 2RS C3,IC411,8501523090,F/B,40,-20,B5-flens-horizontaal,PTC,RAL7024 / RAL7024,IP55,55x110,IEC60034,Boven-A1,0.95,292
4E037.00D2F4.,T4CR-200L2-2,200,37.0,2,B3,400/690,IE4,Gietijzer,10,0,6312 2RS C3,6312 2RS C3,IC411,8501523090,F/B,40,-20,B3-voet-horizontaal,PTC,RAL7024 / RAL7024,IP55,55x110,IEC60034,Boven-A1,0.95,292
4E045.00D2D4.,T4CR-225M-2,225,45.0,2,B5,400/690,IE4,Gietijzer,0,0,6313 C3,6313 C3,IC411,8501529090,F/B,40,-20,B5-flens-horizontaal,PTC,RAL7024 / RAL7024,IP55,55x110,IEC60034,Boven-A1,0.95,387
4E045.00D2F4.,T4CR-225M-2,225,45.0,2,B3,400/690,IE4,Gietijzer,10,0,6313 C3,6313 C3,IC411,8501529090,F/B,40,-20,B3-voet-horizontaal,PTC,RAL7024 / RAL7024,IP55,55x110,IEC60034,Boven-A1,0.95,387
4E055.00D2D4.,T4CR-250M-2,250,55.0,2,B5,400/690,IE4,Gietijzer,0,0,6314 C3,6314 C3,IC411,8501529090,F/B,40,-20,B5-flens-horizontaal,PTC,RAL7024 / RAL7024,IP55,60x140,IEC60034,Boven-A1,0.95,441
4E055.00D2F4.,T4CR-250M-2,250,55.0,2,B3,400/690,IE4,Gietijzer,2,3,6314 C3,6314 C3,IC411,8501529090,F/B,40,-20,B3-voet-horizontaal,PTC,RAL7024 / RAL7024,IP55,60x140,IEC60034,Boven-A1,0.95,441
4E075.00D2F4.,T4CR-280S-2,280,75.0,2,B3,400/690,IE4,Gietijzer,4,0,6316 C3,6316 C3,IC411,8501529090,F/B,40,-20,B3-voet-horizontaal,PTC,RAL7024 / RAL7024,IP55,65x140,IEC60034,Boven-A1,0.95,551
4E090.00D2D4.,T4CR-280M-2,280,90.0,2,B5,400/690,IE4,Gietijzer,0,0,6316 C3,6316 C3,IC411,8501538190,F/B,40,-20,B5-flens-horizontaal,PTC,RAL7024 / RAL7024,IP55,65x140,IEC60034,Boven-A1,0.95,700
4E090.00D2F4.,T4CR-280M-2,280,90.0,2,B3,400/690,IE4,Gietijzer,2,0,6316 C3,6316 C3,IC411,8501538190,F/B,40,-20,B3-voet-horizontaal,PTC,RAL7024 / RAL7024,IP55,65x140,IEC60034,Boven-A1,0.95,700
4E110.00D2F4.,T4C-315S-2,315,110.0,2,B3,400/690,IE4,Gietijzer,1,1,6317 C3,6317 C3,IC411,8501538190,F/B,40,-20,B3-voet-horizontaal,PTC,RAL7024 / RAL7024,IP55,65x140,IEC60034,Boven-A1,0.95,904
4E132.00D2F4.,T4C-315M-2,315,132.0,2,B3,400/690,IE4,Gietijzer,2,0,6317 C3,6317 C3,IC411,8501538190,F/B,40,-20,B3-voet-horizontaal,PTC,RAL7024 / RAL7024,IP55,65x140,IEC60034,Boven-A1,0.95,1228
4E160.00D2F4.,T4C-315L1-2,315,160.0,2,B3,400/690,IE4,Gietijzer,0,1,6317 C3,6317 C3,IC411,8501538190,F/B,40,-20,B3-voet-horizontaal,PTC,RAL7024 / RAL7024,IP55,65x140,IEC60034,Boven-A1,0.95,1075
4E200.00D2F4.,T4C-315L2-2,315,200.0,2,B3,400/690,IE4,Gietijzer,1,0,6317 C3,6317 C3,IC411,8501538190,F/B,40,-20,B3-voet-horizontaal,PTC,RAL7024 / RAL7024,IP55,65x140,IEC60034,Boven-A1,0.95,1450
4E250.00D2F4.,T4C-355M2-2,355,250.0,2,B3,400/690,IE4,Gietijzer,1,0,6319 C3,6319 C3,IC411,8501538190,F/B,40,-20,B3-voet-horizontaal,PTC,RAL7024 / RAL7024,IP55,75x140,IEC60034,Boven-A1,0.95,1700
4E355.00D2K4.,T4C-355L3-2,355,355.0,2,B3,400/690,IE4,Gietijzer,0,0,6224 C3,6224 C3,IC411,8501538190,F/B,40,-20,B3-voet-horizontaal,PTC,RAL7024 / RAL7024,IP55,100x210,IEC60034,Boven-A1,0.95,0
4M000.75D2F2.,JE4-801-2,80,0.75,2,B3,230/400,IE4,Aluminium,0,0,6204 2RS C3,6204 2RS C3,IC411,8501510090,F/B,40,-20,B3-voet-horizontaal,PTC,RAL7024 / RAL9005,IP55,19x40,IEC60034,Boven-A1,0.95,10.5
4M001.10D2F2.,JE4-802-2,80,1.1,2,B3,230/400,IE4,Aluminium,0,0,6204 2RS C3,6204 2RS C3,IC411,8501522089,F/B,40,-20,B3-voet-horizontaal,PTC,RAL7024 / RAL9005,IP55,19x40,IEC60034,Boven-A1,0.95,12.5
4M001.50D2F2.,JE4-90S2,90,1.5,2,B3,230/400,IE4,Aluminium,8,0,6205 2RS C3,6205 2RS C3,IC411,8501522089,F/B,40,-20,B3-voet-horizontaal,PTC,RAL7024 / RAL9005,IP55,24x50,IEC60034,Boven-A1,0.95,13.5
4M002.20D2F2.,JE4-90L2,90,2.2,2,B3,230/400,IE4,Aluminium,0,0,6205 2RS C3,6205 2RS C3,IC411,8501522089,F/B,40,-20,B3-voet-horizontaal,PTC,RAL7024 / RAL9005,IP55,24x50,IEC60034,Boven-A1,0.95,16.5
4M002.20D2F4.,JE4-90L2,90,2.2,2,B3,400/690,IE4,Aluminium,12,0,6205 2RS C3,6205 2RS C3,IC411,8501522089,F/B,40,-20,B3-voet-horizontaal,PTC,RAL7024 / RAL9005,IP55,24x50,IEC60034,Boven-A1,0.95,16.5
4M003.00D2F2.,JE4-100L1-2,100,3.0,2,B3,230/400,IE4,Aluminium,7,0,6206 2RS C3,6206 2RS C3,IC411,8501522089,F/B,40,-20,B3-voet-horizontaal,PTC,RAL7024 / RAL9005,IP55,28x60,IEC60034,Boven-A1,0.95,30
4M003.00D2F4.,JE4-100L1-2,100,3.0,2,B3,400/690,IE4,Aluminium,2,0,6206 2RS C3,6206 2RS C3,IC411,8501522089,F/B,40,-20,B3-voet-horizontaal,PTC,RAL7024 / RAL9005,IP55,28x60,IEC60034,Boven-A1,0.95,30
4M004.00D2F2.,JE4-112M2,112,4.0,2,B3,230/400,IE4,Aluminium,0,0,6306 2RS C3,6306 2RS C3,IC411,8501522089,F/B,40,-20,B3-voet-horizontaal,PTC,RAL7024 / RAL9005,IP55,28x60,IEC60034,Boven-A1,0.95,38
4M004.00D2F4.,JE4-112M2,112,4.0,2,B3,400/690,IE4,Aluminium,0,0,6306 2RS C3,6306 2RS C3,IC411,8501522089,F/B,40,-20,B3-voet-horizontaal,PTC,RAL7024 / RAL9005,IP55,28x60,IEC60034,Boven-A1,0.95,38
4M005.50D2F2.,JE4-132S1-2,132,5.5,2,B3,230/400,IE4,Aluminium,0,0,6308 2RS C3,6308 2RS C3,IC411,8501522089,F/B,40,-20,B3-voet-horizontaal,PTC,RAL7024 / RAL9005,IP55,38x80,IEC60034,Boven-A1,0.95,45
4M005.50D2F4.,JE4-132S1-2,132,5.5,2,B3,400/690,IE4,Aluminium,0,0,6308 2RS C3,6308 2RS C3,IC411,8501522089,F/B,40,-20,B3-voet-horizontaal,PTC,RAL7024 / RAL9005,IP55,38x80,IEC60034,Boven-A1,0.95,49
4M007.50D2F2.,JE4-132S2-2,132,7.5,2,B3,230/400,IE4,Aluminium,0,0,6308 2RS C3,6308 2RS C3,IC411,8501522089,F/B,40,-20,B3-voet-horizontaal,PTC,RAL7024 / RAL9005,IP55,38x80,IEC60034,Boven-A1,0.95,55
4M007.50D2F4.,JE4-132S2-2,132,7.5,2,B3,400/690,IE4,Aluminium,9,0,6308 2RS C3,6308 2RS C3,IC411,8501522089,F/B,40,-20,B3-voet-horizontaal,PTC,RAL7024 / RAL9005,IP55,38x80,IEC60034,Boven-A1,0.95,55
4S011.00D2F4.,YE4-160M1-2,160,11.0,2,B3,400/690,IE4,Gietijzer,3,0,6309 2RS C3,6309 2RS C3,IC411,8501523090,F/B,40,-20,B3-voet-horizontaal,PTC,RAL7024 / RAL7024,IP55,42x110,IEC60034,Boven-A1,0.95,137
4S015.00D2F4.,YE4-160M2-2,160,15.0,2,B3,400/690,IE4,Gietijzer,7,0,6309 2RS C3,6309 2RS C3,IC411,8501523090,F/B,40,-20,B3-voet-horizontaal,PTC,RAL7024 / RAL7024,IP55,42x110,IEC60034,Boven-A1,0.95,150
4S018.50D2F4.,YE4-160L-2,160,18.5,2,B3,400/690,IE4,Gietijzer,0,0,6309 2RS C3,6309 2RS C3,IC411,8501523090,F/B,40,-20,B3-voet-horizontaal,PTC,RAL7024 / RAL7024,IP55,42x110,IEC60034,Boven-A1,0.95,169
4S022.00D2F4.,YE4-180M-2,180,22.0,2,B3,400/690,IE4,Gietijzer,0,0,6311 2RS C3,6311 2RS C3,IC411,8501523090,F/B,40,-20,B3-voet-horizontaal,PTC,RAL7024 / RAL7024,IP55,48x110,IEC60034,Boven-A1,0.95,219
4S030.00D2F4.,YE4-200L1-2,200,30.0,2,B3,400/690,IE4,Gietijzer,0,0,6312 2RS C3,6312 2RS C3,IC411,8501523090,F/B,40,-20,B3-voet-horizontaal,PTC,RAL7024 / RAL7024,IP55,55x110,IEC60034,Boven-A1,0.95,286
4S037.00D2F4.,YE4-200L2-2,200,37.0,2,B3,400/690,IE4,Gietijzer,2,0,6312 2RS C3,6312 2RS C3,IC411,8501523090,F/B,40,-20,B3-voet-horizontaal,PTC,RAL7024 / RAL7024,IP55,55x110,IEC60034,Boven-A1,0.95,306
4S045.00D2F4.,YE4-225M-2,225,45.0,2,B3,400/690,IE4,Gietijzer,0,0,6313 C3,6313 C3,IC411,8501529090,F/B,40,-20,B3-voet-horizontaal,PTC,RAL7024 / RAL7024,IP55,55x110,IEC60034,Boven-A1,0.95,359
4S055.00D2F4.,YE4-250M-2,250,55.0,2,B3,400/690,IE4,Gietijzer,0,0,6314 C3,6314 C3,IC411,8501529090,F/B,40,-20,B3-voet-horizontaal,PTC,RAL7024 / RAL7024,IP55,60x140,IEC60034,Boven-A1,0.95,475
4S075.00D2F4.,YE4-280S2,280,75.0,2,B3,400/690,IE4,Gietijzer,0,0,6314 C3,6314 C3,IC411,8501529090,F/B,40,-20,B3-voet-horizontaal,PTC,RAL7024 / RAL7024,IP55,65x140,IEC60034,Boven-A1,0.95,620
4S090.00D2F4.,YE4-280M2,280,90.0,2,B3,400/690,IE4,Gietijzer,0,0,6314 C3,6314 C3,IC411,8501538190,F/B,40,-20,B3-voet-horizontaal,PTC,RAL7024 / RAL7024,IP55,65x140,IEC60034,Boven-A1,0.95,673
4S110.00D2F4.,YE3-315S2,315,110.0,2,B3,400/690,IE4,Gietijzer,0,0,6316 C3,6316 C3,IC411,8501538190,F/B,40,-20,B3-voet-horizontaal,PTC,RAL7024 / RAL7024,IP55,65x140,IEC60034,Boven-A1,0.95,975
4S132.00D2F4.,YE4-315M2,315,132.0,2,B3,400/690,IE4,Gietijzer,0,0,6316 C3,6316 C3,IC411,8501538190,F/B,40,-20,B3-voet-horizontaal,PTC,RAL7024 / RAL7024,IP55,65x140,IEC60034,Boven-A1,0.95,1110
4S160.00D2F4.,YE4-315L1-2,315,160.0,2,B3,400/690,IE4,Gietijzer,0,0,6316 C3,6316 C3,IC411,8501538190,F/B,40,-20,B3-voet-horizontaal,PTC,RAL7024 / RAL7024,IP55,65x140,IEC60034,Boven-A1,0.95,1182
4S200.00D2F4.,YE4-315L2-2,315,200.0,2,V1,400/690,IE4,Gietijzer,0,0,6316 C3,6316 C3,IC411,8501538190,F/B,40,-20,B3-voet-horizontaal,PTC,RAL7024 / RAL7024,IP55,65x140,IEC60034,Boven-A1,0.95,1260
4S250.00D2F4.,YE4-355M2-2,355,250.0,2,B3,400/690,IE4,Gietijzer,0,0,6319 C3,6319 C3,IC411,8501538190,F/B,40,-20,B3-voet-horizontaal,PTC,RAL7024 / RAL7024,IP55,75x140,IEC60034,Boven-A1,0.95,1860
4S315.00D2F4.,YE4-355L2-2,355,315.0,2,B3,400/690,IE4,Gietijzer,0,0,6319 C3,6319 C3,IC411,8501538190,F/B,40,-20,B3-voet-horizontaal,PTC,RAL7024 / RAL7024,IP55,75x140,IEC60034,Boven-A1,0.95,2052
SM000.18D2F2.,ML631-2,63,0.18,2,B3,230/400,IE2 1 phase,Aluminium,13,0,6201 2RS C3,6201 2RS C3,IC411,8501510090,F/B,40,-20,B3-voet-horizontaal,B3 - KK4,RAL5010,IP55,11x23,IEC60034,Boven-A1,95,0
SM000.25D2F2.,ML632-2,63,0.25,2,B3,230/400,IE2 1 phase,Aluminium,20,0,6201 2RS C3,6201 2RS C3,IC411,8501510090,F/B,40,-20,B3-voet-horizontaal,B3 - KK4,RAL5010,IP55,11x23,IEC60034,Boven-A1,95,4.9
SM000.37D2F2.,ML711-2,71,0.37,2,B3,230/400,IE2 1 phase,Aluminium,9,0,6202 2RS C3,6202 2RS C3,IC411,8501510090,F/B,40,-20,B3-voet-horizontaal,B3 - KK4,RAL5010,IP55,14x30,IEC60034,Boven-A1,95,0
SM000.55D2F2.,ML712-2,71,0.55,2,B3,230/400,IE2 1 phase,Aluminium,10,0,6202 2RS C3,6202 2RS C3,IC411,8501510090,F/B,40,-20,B3-voet-horizontaal,B3 - KK4,RAL5010,IP55,14x30,IEC60034,Boven-A1,95,0
SM000.75D2F2.,ML801-2,80,0.75,2,B3,230/400,IE2 1 phase,Aluminium,2,0,6204 2RS C3,6204 2RS C3,IC411,8501510090,F/B,40,-20,B3-voet-horizontaal,B3 - KK4,RAL5010,IP55,19x40,IEC60034,Boven-A1,95,0
SM001.10D2F2.,ML802-2,80,1.1,2,B3,230/400,IE2 1 phase,Aluminium,33,0,6204 2RS C3,6204 2RS C3,IC411,8501522089,F/B,40,-20,B3-voet-horizontaal,B3 - KK4,RAL5010,IP55,19x40,IEC60034,Boven-A1,95,11
SM001.50D2C2.,ML90S2,90,1.5,2,B3,230/400,IE2 1 phase,Aluminium,0,0,6205 2RS C3,6205 2RS C3,IC411,8501522089,F/B,40,-20,B14a-flens-horizontaal,B3 - KK4,RAL 5010 / RAL 9005,IP55,24x50,IEC60034,Boven-A4,95,14
SM001.50D2F2.,ML90S2,90,1.5,2,B3,230/400,IE2 1 phase,Aluminium,14,0,6205 2RS C3,6205 2RS C3,IC411,8501522089,F/B,40,-20,B3-voet-horizontaal,B3 - KK4,RAL5010,IP55,24x50,IEC60034,Boven-A1,95,14
SM002.20D2F2.,ML90L2,90,2.2,2,B3,230/400,IE2 1 phase,Aluminium,0,0,6205 2RS C3,6205 2RS C3,IC411,8501522089,F/B,40,-20,B3-voet-horizontaal,B3 - KK4,RAL5010,IP55,24x50,IEC60034,Boven-A1,95,0
SM003.00D2F2.,ML100L2,100,3.0,2,B3,230/400,IE2 1 phase,Aluminium,1,0,6206 2RS C3,6206 2RS C3,IC411,8501522089,F/B,40,-20,B3-voet-horizontaal,B3 - KK4,RAL5010,IP55,28x60,IEC60034,Boven-A1,95,25
XM000.37D2F2.,MS633-2,63,0.37,2,B3,230/400,IE1,Aluminium,64,0,6201 2RS C3,6201 2RS C3,IC411,8501510090,F/B,40,-20,B3-voet-horizontaal,,RAL5010 / RAL9005,IP55,11x23,IEC60034,Boven-A1,0.95,4.5
XM000.75D2F2.,EMS713-2,71,0.75,2,B3,230/400,IE2,Aluminium,62,0,6202 2RS C3,6202 2RS C3,IC411,8501510090,F/B,40,-20,B3-voet-horizontaal,,RAL5014 / RAL9005,IP55,14x30,IEC60034,Boven-A1,0.95,8.8
XM001.50D2F2.,EMS803-2,80,1.5,2,B3,230/400,IE2,Aluminium,27,0,6204 2RS C3,6204 2RS C3,IC411,8501522089,F/B,40,-20,B3-voet-horizontaal,,RAL5014 / RAL9005,IP55,19x40,IEC60034,Boven-A1,0.95,12
XM003.00D2F2.,EMS90L2-2,90,3.0,2,B3,230/400,IE2,Aluminium,22,0,6205 2RS C3,6205 2RS C3,IC411,8501522089,F/B,40,-20,B3-voet-horizontaal,,RAL5014 / RAL9005,IP55,24x50,IEC60034,Boven-A1,0.95,19
XM003.00D2F4.,EMS90L2-2,90,3.0,2,B3,400/690,IE2,Aluminium,18,0,6205 2RS C3,6205 2RS C3,IC411,8501522089,F/B,40,-20,B3-voet-horizontaal,,RAL5014 / RAL9005,IP55,24x50,IEC60034,Boven-A1,0.95,19
XM004.00D2F2.,EMS100L2-2,100,4.0,2,B3,230/400,IE2,Aluminium,25,0,6206 2RS C3,6206 2RS C3,IC411,8501522089,F/B,40,-20,B3-voet-horizontaal,,RAL5014 / RAL9005,IP55,28x60,IEC60034,Boven-A1,0.95,26
XM004.00D2F4.,EMS100L2-2,100,4.0,2,B3,400/690,IE2,Aluminium,47,0,6206 2RS C3,6206 2RS C3,IC411,8501522089,F/B,40,-20,B3-voet-horizontaal,,RAL5014 / RAL9005,IP55,28x60,IEC60034,Boven-A1,0.95,26
XM005.50D2F2.,EMS112M2-2,112,5.5,2,B3,230/400,IE2,Aluminium,21,18,6306 2RS C3,6306 2RS C3,IC411,8501522089,F/B,40,-20,B3-voet-horizontaal,,RAL5014 / RAL9005,IP55,28x60,IEC60034,Boven-A1,0.95,30
XM005.50D2F4.,EMS112M2-2,112,5.5,2,B3,400/690,IE2,Aluminium,45,0,6306 2RS C3,6306 2RS C3,IC411,8501522089,F/B,40,-20,B3-voet-horizontaal,,RAL5014 / RAL9005,IP55,28x60,IEC60034,Boven-A1,0.95,30
XM011.00D2F4.,EMS132M2-2,132,11.0,2,B3,400/690,IE2,Aluminium,21,12,6308 2RS C3,6308 2RS C3,IC411,8501523090,F/B,40,-20,B3-voet-horizontaal,,RAL5014 / RAL9005,IP55,38x80,IEC60034,Boven-A1,0.95,58
Y315.00D2F40.,Y3-355L2-2,355,315.0,2,B3,400/690,IE1,Gietijzer,1,0,,,IEC411,8501538190,IEC60034,40,-20,B3-voet-horizontaal,PTC,RAL5010,IP55,,Y3-315L2-2,Boven-A1,0.95,1920
DM080B244.,MSD802-2/4,80,1.1/0.28,2/4,B3,400,2 Speed,Aluminium,43,0,6204 2RS C3,6204 2RS C3,IC411,8501522089,F/B,40,-20,B3-voet-horizontaal,B3 - KKB,RAL5010,IP55,19x40,IEC60034,Boven-A1,0.95,13
DM090L244.,MSD90L2/4,90,2.2/0.55,2/4,B3,400,2 Speed,Aluminium,31,0,6205 2RS C3,6205 2RS C3,IC411,8501522089,F/B,40,-20,B3-voet-horizontaal,B3 - KKB,RAL5010,IP55,24x50,IEC60034,Boven-A1,0,16.5
DM100L244.,MSD100L2/4,100,3.0/0.8,2/4,B3,400,2 Speed,Aluminium,41,0,6206 2RS C3,6206 2RS C3,IC411,8501522089,F/B,40,-20,B3-voet-horizontaal,B3 - KKB,RAL5010,IP55,28x60,IEC60034,Boven-A1,0,24
DM112M244.,MSD112M2/4,112,4.0/1.0,2/4,B3,400,2 Speed,Aluminium,24,18,6306 2RS C3,6306 2RS C3,IC411,8501522089,F/B,40,-20,B3-voet-horizontaal,B3 - KKB,RAL5010,IP55,28x60,IEC60034,Boven-A1,0,33.5
DM132M244.,MSD132M2/4,132,6.0/1.6,2/4,B3,400,2 Speed,Aluminium,16,0,6308 2RS C3,6308 2RS C3,IC411,8501523090,F/B,40,-20,B3-voet-horizontaal,B3 - KKB,RAL5010,IP55,38x80,IEC60034,Boven-A1,0,58
DM132S244.,MSD132S2/4,132,9.0/2.5,2/4,B3,400,2 Speed,Aluminium,10,0,6308 2RS C3,6308 2RS C3,IC411,8501522089,F/B,40,-20,B3-voet-horizontaal,B3 - KKB,RAL5010,IP55,38x80,IEC60034,Boven-A1,0,57
2E002.20D4F4.,MS2-100L1-4,100,2.2,4,B3,400/690,IE2,Aluminium,1,0,6206 2RS C3,6206 2RS C3,IC411,8501522089,F/B,40,-20,B3-voet-horizontaal,,RAL5014,IP55,28x60,IEC60034,Boven-A1,0.95,23
2E022.00D4F2R.,YX3-180L4,180,22.0,4,B3,230/400,IE2,Gietijzer,3,0,6311 ZZ C3,6311 ZZ C3,IC411,8501523090,F/B,40,-20,B3-voet-horizontaal,PTC,RAL5014 / RAL5014,IP55,48x110,IEC60034,Rechts-B1,0.95,242
2E110.00D4F4.,YX3-315S4,315,110.0,4,B3,400/690,IE2,Gietijzer,3,0,NU319 C3,6319 C3,IC411,8501538190,F/B,40,-20,B3-voet-horizontaal,PTC,RAL5014 / RAL5014,IP55,80x170,IEC60034,Boven-A1,0.95,1012
2E160.00D4K4.,YX3-315L1-4,315,160.0,4,B3,400/690,IE2,Gietijzer,1,0,6319 C3,6319 C3,IC411,8501538190,F/B,40,-20,B3-voet-horizontaal,PTC,RAL5014 / RAL5014,IP55,80x170,IEC60034,Boven-A1,0.95,1224
2E200.00D4F4.,YX3-315L2-4,315,200.0,4,B3,400/690,IE2,Gietijzer,0,0,NU319 C3,6319 C3,IC411,8501538190,F/B,40,-20,B3-voet-horizontaal,PTC,RAL5014 / RAL5014,IP55,80x170,IEC60034,Boven-A1,0.95,1331
2M000.12D4F2.,EMS631-4,63,0.12,4,B3,230/400,IE2,Aluminium,47,0,6201 2RS C3,6201 2RS C3,IC411,8501510090,F/B,40,-20,B3-voet-horizontaal,,RAL5014 / RAL9005,IP55,11x23,IEC60034,Boven-A1,0.95,3.8
2M000.18D4C2.,EMS632-4,63,0.18,4,B3,230/400,IE2,Aluminium,0,0,6201 2RS C3,6201 2RS C3,IC411,8501510090,F/B,40,-20,B14a-flens-horizontaal,,RAL5014 / RAL9005,IP55,11x23,IEC60034,Boven-A1,0.95,4.2
2M000.18D4F2.,EMS632-4,63,0.18,4,B3,230/400,IE2,Aluminium,31,0,6201 2RS C3,6201 2RS C3,IC411,8501510090,F/B,40,-20,B3-voet-horizontaal,,RAL5014 / RAL9005,IP55,11x23,IEC60034,Boven-A1,0.95,4.2
2M000.25D4F2.,EMS711-4,71,0.25,4,B3,230/400,IE2,Aluminium,50,0,6202 2RS C3,6202 2RS C3,IC411,8501510090,F/B,40,-20,B3-voet-horizontaal,,RAL5014 / RAL9005,IP55,14x30,IEC60034,Boven-A1,0.95,5.3
2M000.37D4D2.,EMS712-4,71,0.37,4,B5,230/400,IE2,Aluminium,75,0,6202 2RS C3,6202 2RS C3,IC411,8501510090,F/B,40,-20,B5-flens-horizontaal,,RAL5014 / RAL9005,IP55,14x30,IEC60034,Boven-A1,0.95,7.2
2M000.37D4F2.,EMS712-4,71,0.37,4,B3,230/400,IE2,Aluminium,84,72,6202 2RS C3,6202 2RS C3,IC411,8501510090,F/B,40,-20,B3-voet-horizontaal,,RAL5014 / RAL9005,IP55,14x30,IEC60034,Boven-A1,0.95,7.2
2M000.55D4D2.,EMS801-4,80,0.55,4,B5,230/400,IE2,Aluminium,44,0,6204 2RS C3,6204 2RS C3,IC411,8501510090,F/B,40,-20,B5-flens-horizontaal,,RAL5014 / RAL9005,IP55,19x40,IEC60034,Boven-A1,0.95,8.7
2M000.55D4F2.,EMS801-4,80,0.55,4,B3,230/400,IE2,Aluminium,0,168,6204 2RS C3,6204 2RS C3,IC411,8501510090,F/B,40,-20,B3-voet-horizontaal,,RAL5014 / RAL9005,IP55,19x40,IEC60034,Boven-A1,0.95,8.7
2M000.75D4D2.,EMS802-4,80,0.75,4,B5,230/400,IE2,Aluminium,0,0,6204 2RS C3,6204 2RS C3,IC411,8501510090,F/B,40,-20,B5-flens-horizontaal,,RAL5014 / RAL9005,IP55,19x40,IEC60034,Boven-A1,0.95,11
2M000.75D4F2.,EMS802-4,80,0.75,4,B3,230/400,IE2,Aluminium,0,0,6204 2RS C3,6204 2RS C3,IC411,8501510090,F/B,40,-20,B3-voet-horizontaal,,RAL5014 / RAL9005,IP55,19x40,IEC60034,Boven-A1,0.95,11
2M001.10D4D2.,EMS90S4,90,1.1,4,B5,230/400,IE2,Aluminium,0,0,6205 2RS C3,6205 2RS C3,IC411,8501522089,F/B,40,-20,B5-flens-horizontaal,,RAL5014 / RAL9005,IP55,24x50,IEC60034,Boven-A1,0.95,14
2M001.10D4F2.,EMS90S4,90,1.1,4,B3,230/400,IE2,Aluminium,15,0,6205 2RS C3,6205 2RS C3,IC411,8501522089,F/B,40,-20,B3-voet-horizontaal,,RAL5014 / RAL9005,IP55,24x50,IEC60034,Boven-A1,0.95,14
2M001.50D4D2.,EMS90L4,90,1.5,4,B5,230/400,IE2,Aluminium,0,0,6205 2RS C3,6205 2RS C3,IC411,8501522089,F/B,40,-20,B5-flens-horizontaal,,RAL5014 / RAL9005,IP55,24x50,IEC60034,Boven-A1,0.95,17
2M001.50D4F2.,EMS90L4,90,1.5,4,B3,230/400,IE2,Aluminium,0,0,6205 2RS C3,6205 2RS C3,IC411,8501522089,F/B,40,-20,B3-voet-horizontaal,,RAL5014 / RAL9005,IP55,24x50,IEC60034,Boven-A1,0.95,17
2M002.20D4D4.,EMS100L1-4,100,2.2,4,B5,400/690,IE2,Aluminium,0,0,6206 2RS C3,6206 2RS C3,IC411,8501522089,F/B,40,-20,B5-flens-horizontaal,,RAL5014 / RAL9005,IP55,28x60,IEC60034,Boven-A1,0.95,23
2M002.20D4F2.,EMS100L1-4,100,2.2,4,B3,230/400,IE2,Aluminium,0,0,6206 2RS C3,6206 2RS C3,IC411,8501522089,F/B,40,-20,B3-voet-horizontaal,,RAL5014 / RAL9005,IP55,28x60,IEC60034,Boven-A1,0.95,23
2M002.20D4F4.,EMS100L1-4,100,2.2,4,B3,400/690,IE2,Aluminium,0,0,6206 2RS C3,6206 2RS C3,IC411,8501522089,F/B,40,-20,B3-voet-horizontaal,,RAL5014 / RAL9005,IP55,28x60,IEC60034,Boven-A1,0.95,23
2M002.20D4FD2.,EMS100L1-4,100,2.2,4,B5,230/400,IE2,Aluminium,44,0,6206 2RS C3,6206 2RS C3,IC411,8501522089,F/B,40,-20,B35-voet & flens-horizontaal,,RAL5014 / RAL9005,IP55,28x60,IEC60034,Boven-A1,0.95,23
2M002.20D4FD4.,EMS100L1-4,100,2.2,4,B5,400/690,IE2,Aluminium,0,72,6206 2RS C3,6206 2RS C3,IC411,8501522089,F/B,40,-20,B35-voet & flens-horizontaal,,RAL5014 / RAL9005,IP55,28x60,IEC60034,Boven-A1,0.95,23
2M003.00D4D2.,EMS100L2-4,100,3.0,4,B5,230/400,IE2,Aluminium,0,0,6206 2RS C3,6206 2RS C3,IC411,8501522089,F/B,40,-20,B5-flens-horizontaal,,RAL5014 / RAL9005,IP55,28x60,IEC60034,Boven-A1,0.95,26
2M003.00D4D4.,EMS100L2-4,100,3.0,4,B5,400/690,IE2,Aluminium,5,0,6206 2RS C3,6206 2RS C3,IC411,8501522089,F/B,40,-20,B5-flens-horizontaal,,RAL5014 / RAL9005,IP55,28x60,IEC60034,Boven-A1,0.95,26
2M003.00D4F2.,EMS100L2-4,100,3.0,4,B3,230/400,IE2,Aluminium,14,0,6206 2RS C3,6206 2RS C3,IC411,8501522089,F/B,40,-20,B3-voet-horizontaal,,RAL5014 / RAL9005,IP55,28x60,IEC60034,Boven-A1,0.95,26
2M003.00D4F4.,EMS100L2-4,100,3.0,4,B3,400/690,IE2,Aluminium,33,0,6206 2RS C3,6206 2RS C3,IC411,8501522089,F/B,40,-20,B3-voet-horizontaal,,RAL5014 / RAL9005,IP55,28x60,IEC60034,Boven-A1,0.95,26
2M003.00D4FD4R.,EMS100L2-4,100,3.0,4,B5,400/690,IE2,Aluminium,2,0,6206 2RS C3,6206 2RS C3,IC411,8501522089,F/B,40,-20,B35-voet & flens-horizontaal,PTC,RAL5014 / RAL9005,IP55,28x60,IEC60034,Rechts-B1,0.95,26
2M004.00D4D2.,EMS112M4,112,4.0,4,B5,230/400,IE2,Aluminium,0,0,6306 2RS C3,6306 2RS C3,IC411,8501522089,F/B,40,-20,B5-flens-horizontaal,,RAL5014 / RAL9005,IP55,28x60,IEC60034,Boven-A1,0.95,32
2M004.00D4D4.,EMS112M4,112,4.0,4,B5,400/690,IE2,Aluminium,0,0,6306 2RS C3,6306 2RS C3,IC411,8501522089,F/B,40,-20,B5-flens-horizontaal,,RAL5014 / RAL9005,IP55,28x60,IEC60034,Boven-A1,0.95,32
2M004.00D4F2.,EMS112M4,112,4.0,4,B3,230/400,IE2,Aluminium,0,0,6306 2RS C3,6306 2RS C3,IC411,8501522089,F/B,40,-20,B3-voet-horizontaal,,RAL5014 / RAL9005,IP55,28x60,IEC60034,Boven-A1,0.95,32
2M004.00D4F4.,EMS112M4,112,4.0,4,B3,400/690,IE2,Aluminium,1,0,6306 2RS C3,6306 2RS C3,IC411,8501522089,F/B,40,-20,B3-voet-horizontaal,,RAL5014 / RAL9005,IP55,28x60,IEC60034,Boven-A1,0.95,32
2M005.50D4D2.,EMS132S4,132,5.5,4,B3,230/400,IE2,Aluminium,0,0,6308 2RS C3,6308 2RS C3,IC411,8501522089,F/B,40,-20,B5-flens-horizontaal,,RAL5014 / RAL9005,IP55,38x80,IEC60034,Boven-A1,0.95,43
2M005.50D4D4.,EMS132S4,132,5.5,4,B3,400/690,IE2,Aluminium,0,0,6308 2RS C3,6308 2RS C3,IC411,8501522089,F/B,40,-20,B5-flens-horizontaal,,RAL5014 / RAL9005,IP55,38x80,IEC60034,Boven-A1,0.95,43
2M005.50D4F2.,EMS132S4,132,5.5,4,B3,230/400,IE2,Aluminium,0,0,6308 2RS C3,6308 2RS C3,IC411,8501522089,F/B,40,-20,B3-voet-horizontaal,,RAL5014 / RAL9005,IP55,38x80,IEC60034,Boven-A1,0.95,43
2M005.50D4F4.,EMS132S4,132,5.5,4,B3,400/690,IE2,Aluminium,0,0,6308 2RS C3,6308 2RS C3,IC411,8501522089,F/B,40,-20,B3-voet-horizontaal,,RAL5014 / RAL9005,IP55,38x80,IEC60034,Boven-A1,0.95,43
2M005.50D4FD2.,EMS132S4,132,5.5,4,B35,230/400,IE2,Aluminium,0,0,6308 2RS C3,6308 2RS C3,IC411,8501522089,F/B,40,-20,B35-voet & flens-horizontaal,,RAL5014 / RAL9005,IP55,38x80,IEC60034,Boven-A1,0.95,43
2M005.50D4FD4.,EMS132S4,132,5.5,4,B35,400/690,IE2,Aluminium,0,0,6308 2RS C3,6308 2RS C3,IC411,8501522089,F/B,40,-20,B35-voet & flens-horizontaal,,RAL5014 / RAL9005,IP55,38x80,IEC60034,Boven-A1,0.95,43
2M007.50D4FD4.,EMS132M4,132,7.5,4,B35,400/690,IE2,Aluminium,0,0,6308 2RS C3,6308 2RS C3,IC411,8501522089,F/B,40,-20,B35-voet & flens-horizontaal,,RAL5014 / RAL9005,IP55,38x80,IEC60034,Boven-A1,0.95,53
2S003.00D4FD2.,YE2-100L2-4,100,3.0,4,B35,230/400,IE2,Gietijzer,0,0,,,,,,,,,,,,,,,,
2SM000.18D4F2.,JEML632-4,63,0.18,4,B3,230/400,IE2,Aluminium,0,30,6201 2RS C3,6201 2RS C3,IC411,8501510090,F/B,40,-20,B3-voet-horizontaal,,RAL5014,IP55,11x23,IEC60034,Boven-A1,95,0
2SM000.25D4F2.,JEML711-4,71,0.25,4,B3,230/400,IE2,Aluminium,38,0,6202 2RS C3,6202 2RS C3,IC411,8501510090,F/B,40,-20,B3-voet-horizontaal,,RAL5014,IP55,14x30,IEC60034,Boven-A1,95,6.9
2SM000.37D4F2.,JEML712-4,71,0.37,4,B3,230/400,IE2,Aluminium,81,0,6202 2RS C3,6202 2RS C3,IC411,8501510090,F/B,40,-20,B3-voet-horizontaal,,RAL5014,IP55,14x30,IEC60034,Boven-A1,95,7.9
2SM000.55D4F2.,JEML801-4,80,0.55,4,B3,230/400,IE2,Aluminium,40,0,6204 2RS C3,6204 2RS C3,IC411,8501510090,F/B,40,-20,B3-voet-horizontaal,,RAL5014,IP55,19x40,IEC60034,Boven-A1,95,11
2SM000.75D4F2.,JEML802-4,80,0.75,4,B3,230/400,IE2,Aluminium,74,0,6204 2RS C3,6204 2RS C3,IC411,8501510090,F/B,40,-20,B3-voet-horizontaal,,RAL5014,IP55,19x40,IEC60034,Boven-A1,95,11.9
2SM001.10D4F2.,JEML90S4,90,1.1,4,B3,230/400,IE2,Aluminium,0,20,6205 2RS C3,6205 2RS C3,IC411,8501522089,F/B,40,-20,B3-voet-horizontaal,,RAL5014,IP55,24x50,IEC60034,Boven-A1,95,0
2SM001.50D4F2.,JEML90L4,90,1.5,4,B3,230/400,IE2,Aluminium,39,0,6205 2RS C3,6205 2RS C3,IC411,8501522089,F/B,40,-20,B3-voet-horizontaal,,RAL5014,IP55,24x50,IEC60034,Boven-A1,95,17.3
2SM002.20D4F2.,JEML100L1-4,100,2.2,4,B3,230/400,IE2,Aluminium,0,0,6206 2RS C3,6206 2RS C3,IC411,8501522089,F/B,40,-20,B3-voet-horizontaal,,RAL5014,IP55,28x60,IEC60034,Boven-A1,95,0
2SM003.00D4F2.,JEML100L2-4,100,3.0,4,B3,230/400,IE2,Aluminium,9,0,6206 2RS C3,6206 2RS C3,IC411,8501522089,F/B,40,-20,B3-voet-horizontaal,,RAL5014,IP55,28x60,IEC60034,Boven-A1,95,0
3E011.00D4D4.,T3CR-160M-4,160,11.0,4,B5,400/690,IE3,Gietijzer,21,0,6309 2RS C3,6309 2RS C3,IC411,85015230 90,F/B,40,-20,B5-flens-horizontaal,PTC,RAL7030 / RAL7030,IP55,42x110,IEC60034,Boven-A1,0.95,118
3E011.00D4F2.,T3CR-160M-4,160,11.0,4,B3,230/400,IE3,Gietijzer,8,0,6309 2RS C3,6309 2RS C3,IC411,85015230 90,F/B,40,-20,B3-voet-horizontaal,PTC,RAL7030 / RAL7030,IP55,42x110,IEC60034,Boven-A1,0.95,118
3E011.00D4F4.,T3CR-160M-4,160,11.0,4,B3,400/690,IE3,Gietijzer,18,12,6309 2RS C3,6309 2RS C3,IC411,85015230 90,F/B,40,-20,B3-voet-horizontaal,PTC,RAL7030 / RAL7030,IP55,42x110,IEC60034,Boven-A1,0.95,118
3E011.00D4FD4.,T3CR-160M-4,160,11.0,4,B35,400/690,IE3,Gietijzer,1,0,6309 2RS C3,6309 2RS C3,IC411,85015230 90,F/B,40,-20,B35-voet & flens-horizontaal,PTC,RAL7030 / RAL7030,IP55,42x110,IEC60034,Boven-A1,0.95,118
3E015.00D4D4.,T3CR-160L-4,160,15.0,4,B5,400/690,IE3,Gietijzer,23,3,6309 2RS C3,6309 2RS C3,IC411,85015230 90,F/B,40,-20,B5-flens-horizontaal,PTC,RAL7030 / RAL7030,IP55,42x110,IEC60034,Boven-A1,0.95,144
3E015.00D4F2.,T3CR-160L-4,160,15.0,4,B3,230/400,IE3,Gietijzer,0,8,6309 2RS C3,6309 2RS C3,IC411,85015230 90,F/B,40,-20,B3-voet-horizontaal,PTC,RAL7030 / RAL7030,IP55,42x110,IEC60034,Boven-A1,0.95,144
3E015.00D4F4.,T3CR-160L-4,160,15.0,4,B3,400/690,IE3,Gietijzer,4,24,6309 2RS C3,6309 2RS C3,IC411,85015230 90,F/B,40,-20,B3-voet-horizontaal,PTC,RAL7030 / RAL7030,IP55,42x110,IEC60034,Boven-A1,0.95,144
3E018.50D4D4.,T3CR-180M-4,180,18.5,4,B5,400/690,IE3,Gietijzer,14,0,6311 2RS C3,6311 2RS C3,IC411,85015230 90,F/B,40,-20,B5-flens-horizontaal,PTC,RAL7030 / RAL7030,IP55,48x110,IEC60034,Boven-A1,0.95,159
3E018.50D4F2.,T3CR-180M-4,180,18.5,4,B3,230/400,IE3,Gietijzer,6,0,6311 2RS C3,6311 2RS C3,IC411,85015230 90,F/B,40,-20,B3-voet-horizontaal,PTC,RAL7030 / RAL7030,IP55,48x110,IEC60034,Boven-A1,0.95,159
3E018.50D4F4.,T3CR-180M-4,180,18.5,4,B3,400/690,IE3,Gietijzer,39,0,6311 2RS C3,6311 2RS C3,IC411,85015230 90,F/B,40,-20,B3-voet-horizontaal,PTC,RAL7030 / RAL7030,IP55,48x110,IEC60034,Boven-A1,0.95,157
3E022.00D4D4.,T3CR-180L1-4,180,22.0,4,B5,400/690,IE3,Gietijzer,14,0,6311 2RS C3,6311 2RS C3,IC411,85015230 90,F/B,40,-20,B5-flens-horizontaal,PTC,RAL7030 / RAL7030,IP55,48x110,IEC60034,Boven-A1,0.95,184
3E022.00D4F2.,T3CR-180L1-4,180,22.0,4,B3,230/400,IE3,Gietijzer,0,0,6311 2RS C3,6311 2RS C3,IC411,85015230 90,F/B,40,-20,B3-voet-horizontaal,PTC,RAL7030 / RAL7030,IP55,48x110,IEC60034,Boven-A1,0.95,184
3E022.00D4F4.,T3CR-180L1-4,180,22.0,4,B3,400/690,IE3,Gietijzer,13,20,6311 2RS C3,6311 2RS C3,IC411,85015230 90,F/B,40,-20,B3-voet-horizontaal,PTC,RAL7030 / RAL7030,IP55,48x110,IEC60034,Boven-A1,0.95,184
3E030.00D4D4.,T3CR-200L-4,200,30.0,4,B5,400/690,IE3,Gietijzer,10,8,6312 2RS C3,6312 2RS C3,IC411,85015230 90,F/B,40,-20,B5-flens-horizontaal,PTC,RAL7030 / RAL7030,IP55,55x110,IEC60034,Boven-A1,0.95,240
3E030.00D4F2.,T3CR-200L-4,200,30.0,4,B3,230/400,IE3,Gietijzer,6,0,6312 2RS C3,6312 2RS C3,IC411,85015230 90,F/B,40,-20,B3-voet-horizontaal,PTC,RAL7030 / RAL7030,IP55,55x110,IEC60034,Boven-A1,0.95,240
3E030.00D4F4.,T3CR-200L-4,200,30.0,4,B3,400/690,IE3,Gietijzer,11,12,6312 2RS C3,6312 2RS C3,IC411,85015230 90,F/B,40,-20,B3-voet-horizontaal,PTC,RAL7030 / RAL7030,IP55,55x110,IEC60034,Boven-A1,0.95,240
3E037.00D4D4.,T3CR-225S-4,225,37.0,4,B5,400/690,IE3,Gietijzer,1,8,6313 C3,6313 C3,IC411,85015230 90,F/B,40,-20,B5-flens-horizontaal,PTC,RAL7030 / RAL7030,IP55,60x140,IEC60034,Boven-A1,0.95,297
3E037.00D4F4.,T3CR-225S-4,225,37.0,4,B3,400/690,IE3,Gietijzer,32,0,6313 C3,6313 C3,IC411,85015230 90,F/B,40,-20,B3-voet-horizontaal,PTC,RAL7030 / RAL7030,IP55,60x140,IEC60034,Boven-A1,0.95,297
3E037.00D4F4L.,T3CR-225S-4,225,37.0,4,B3,400/690,IE3,Gietijzer,51,0,6313 C3,6313 C3,IC411,85015230 90,F/B,40,-20,B3-voet-horizontaal,PTC,RAL7030 / RAL7030,IP55,60x140,IEC60034,Boven-A1,0.95,297
3E037.00D4F4R.,T3CR-225S-4,225,37.0,4,B3,400/690,IE3,Gietijzer,35,0,6313 C3,6313 C3,IC411,85015230 90,F/B,40,-20,B3-voet-horizontaal,PTC,RAL7030 / RAL7030,IP55,60x140,IEC60034,Boven-A1,0.95,297
3E045.00D4D4.,T3CR-225M-4,225,45.0,4,B5,400/690,IE3,Gietijzer,11,0,6313 C3,6313 C3,IC411,85015290 90,F/B,40,-20,B5-flens-horizontaal,PTC,RAL7030 / RAL7030,IP55,60x140,IEC60034,Boven-A1,0.95,324
3E045.00D4F4.,T3CR-225M-4,225,45.0,4,B3,400/690,IE3,Gietijzer,18,0,6313 C3,6313 C3,IC411,85015290 90,F/B,40,-20,B3-voet-horizontaal,PTC,RAL7030 / RAL7030,IP55,60x140,IEC60034,Boven-A1,0.95,324
3E045.00D4F4L.,T3CR-225M-4,225,45.0,4,B3,400/690,IE3,Gietijzer,40,0,6313 C3,6313 C3,IC411,85015290 90,F/B,40,-20,B3-voet-horizontaal,PTC,RAL7030 / RAL7030,IP55,60x140,IEC60034,Boven-A1,0.95,324
3E045.00D4F4R.,T3CR-225M-4,225,45.0,4,B3,400/690,IE3,Gietijzer,38,0,6313 C3,6313 C3,IC411,85015290 90,F/B,40,-20,B3-voet-horizontaal,PTC,RAL7030 / RAL7030,IP55,60x140,IEC60034,Boven-A1,0.95,324
3E055.00D4D4.,T3CR-250M1-4,250,55.0,4,B5,400/690,IE3,Gietijzer,0,4,6314 C3,6314 C3,IC411,85015290 90,F/B,40,-20,B5-flens-horizontaal,PTC,RAL7030 / RAL7030,IP55,65x140,IEC60034,Boven-A1,0.95,403
3E055.00D4F4.,T3CR-250M1-4,250,55.0,4,B3,400/690,IE3,Gietijzer,2,5,6314 C3,6314 C3,IC411,85015290 90,F/B,40,-20,B3-voet-horizontaal,PTC,RAL7030 / RAL7030,IP55,65x140,IEC60034,Boven-A1,0.95,403
3E075.00D4D4.,T3CR-280S-4,280,75.0,4,B5,400/690,IE3,Gietijzer,4,0,6316 C3,6316 C3,IC411,85015290 90,F/B,40,-20,B5-flens-horizontaal,PTC,RAL7030 / RAL7030,IP55,75x140,IEC60034,Boven-A1,0.95,528
3E075.00D4F4.,T3CR-280S-4,280,75.0,4,B3,400/690,IE3,Gietijzer,12,0,6316 C3,6316 C3,IC411,85015290 90,F/B,40,-20,B3-voet-horizontaal,PTC,RAL7030 / RAL7030,IP55,75x140,IEC60034,Boven-A1,0.95,528
3E090.00D4D4.,T3CR-280M-4,280,90.0,4,B5,400/690,IE3,Gietijzer,0,14,6316 C3,6316 C3,IC411,85015381 92,F/B,40,-20,B5-flens-horizontaal,PTC,RAL7030 / RAL7030,IP55,75x140,IEC60034,Boven-A1,0.95,605
3E090.00D4F4.,T3CR-280M-4,280,90.0,4,B3,400/690,IE3,Gietijzer,8,0,6316 C3,6316 C3,IC411,85015381 93,F/B,40,-20,B3-voet-horizontaal,PTC,RAL7030 / RAL7030,IP55,75x140,IEC60034,Boven-A1,0.95,605
3E110.00D4F4.,T3C-315S-4,315,110.0,4,B3,400/690,IE3,Gietijzer,0,0,6319 C3,6319 C3,IC411,85015381 96,F/B,40,-20,B3-voet-horizontaal,PTC,RAL7030 / RAL7030,IP55,80x170,IEC60034,Boven-A1,0.95,835
3E110.00D4K4.,T3C-315S-4,315,110.0,4,B3,400/690,IE3,Gietijzer,0,0,6319 C3,6319 C3,IC411,85015381 97,F/B,40,-20,B3-voet-horizontaal,PTC,RAL7030 / RAL7030,IP55,80x170,IEC60034,Boven-A1,0.95,835
3E110.00D4V4.,T3C-315S-4,315,110.0,4,V1,400/690,IE3,Gietijzer,0,0,6319 C3,6319 C3,IC411,85015381 98,F/B,40,-20,B3-voet-horizontaal,PTC,RAL7030 / RAL7030,IP55,80x170,IEC60034,Boven-A1,0.95,835
3E132.00D4F4.,T3C-315M-4,315,132.0,4,B3,400/690,IE3,Gietijzer,0,1,6319 C3,6319 C3,IC411,85015381 100,F/B,40,-20,B3-voet-horizontaal,PTC,RAL7030 / RAL7030,IP55,80x170,IEC60034,Boven-A1,0.95,932
3E132.00D4K4.,T3C-315M-4,315,132.0,4,B3,400/690,IE3,Gietijzer,3,0,6319 C3,6319 C3,IC411,85015381 101,F/B,40,-20,B3-voet-horizontaal,PTC,RAL7030 / RAL7030,IP55,80x170,IEC60034,Boven-A1,0.95,932
3E132.00D4V4.,T3C-315M-4,315,132.0,4,V1,400/690,IE3,Gietijzer,0,0,6319 C3,6319 C3,IC411,85015381 102,F/B,40,-20,B3-voet-horizontaal,PTC,RAL7030 / RAL7030,IP55,80x170,IEC60034,Boven-A1,0.95,932
3E160.00D4F4.,T3C-315L1-4,315,160.0,4,B3,400/690,IE3,Gietijzer,0,0,6319 C3,6319 C3,IC411,85015381 104,F/B,40,-20,B3-voet-horizontaal,PTC,RAL7030 / RAL7030,IP55,80x170,IEC60034,Boven-A1,0.95,1061
3E160.00D4K4.,T3C-315L1-4,315,160.0,4,B3,400/690,IE3,Gietijzer,0,0,6319 C3,6319 C3,IC411,85015381 105,F/B,40,-20,B3-voet-horizontaal,PTC,RAL7030 / RAL7030,IP55,80x170,IEC60034,Boven-A1,0.95,1061
3E160.00D4V4.,T3C-315L1-4,315,160.0,4,V1,400/690,IE3,Gietijzer,0,0,,,,,,,,,,,,,,,,
3E200.00D4F4.,T3C-315L2-4,315,200.0,4,B3,400/690,IE3,Gietijzer,0,0,,,,,,,,,,,,,,,,
3E200.00D4K4.,T3C-315L2-4,315,200.0,4,B3,400/690,IE3,Gietijzer,1,0,,,,,,,,,,,,,,,,
3E200.00D4V4.,T3C-315L2-4,315,200.0,4,V1,400/690,IE3,Gietijzer,0,0,,,,,,,,,,,,,,,,
3E250.00D4F4.,T3C-355M2-4,355,250.0,4,B3,400/690,IE3,Gietijzer,0,0,NU322 C3,6322 C3,IC411,8501538190,F/B,40,-20,B3-voet-horizontaal,PTC,RAL7030 / RAL7030,IP55,100x210,IEC60034,Boven-A1,0.95,1725
3E250.00D4K4.,T3C-355M2-4,355,250.0,4,B3,400/690,IE3,Gietijzer,1,0,6322 C3,6322 C3,IC411,8501538190,F/B,40,-20,B3-voet-horizontaal,PTC,RAL7030 / RAL7030,IP55,100x210,IEC60034,Boven-A1,0.95,1725
3E250.00D4V4.,T3C-355M2-4,355,250.0,4,V1,400/690,IE3,Gietijzer,0,0,6322 C3,7322,IC411,8501538190,F/B,40,-20,V1-flens-verticaal-as naar beneden,PTC,RAL7030 / RAL7030,IP55,100x210,IEC60034,Boven-A1,0.95,1725
3E315.00D4F4.,T3C-355L2-4,355,315.0,4,B3,400/690,IE3,Gietijzer,1,0,NU322 C3,6322 C3,IC411,8501538190,F/B,40,-20,B3-voet-horizontaal,PTC,RAL7030 / RAL7030,IP55,100x210,IEC60034,Boven-A1,0.95,1960
3E315.00D4K4.,T3C-355L2-4,355,315.0,4,B3,400/690,IE3,Gietijzer,1,0,6322 C3,6322 C3,IC411,8501538190,F/B,40,-20,B3-voet-horizontaal,PTC,RAL7030 / RAL7030,IP55,100x210,IEC60034,Boven-A1,0.95,1960
3E355.00D4F4.,T3C-355L3-4,355,355.0,4,B3,400/690,IE3,Gietijzer,0,0,,,,,,,,,,,,,,,,
3EC000.75D4D2.,T3CR-802-4,80,0.75,4,B5,230/400,IE3,Gietijzer,18,0,6204 2RS C3,6204 2RS C3,IC411,8501510090,F/B,40,-20,B5-flens-horizontaal,PTC,RAL7030,IP55,19x40,IEC60034,Boven-A1,0.95,18.2
3EC000.75D4F2.,T3CR-802-4,80,0.75,4,B3,230/400,IE3,Gietijzer,14,0,6204 2RS C3,6204 2RS C3,IC411,8501510090,F/B,40,-20,B3-voet-horizontaal,PTC,RAL7030,IP55,19x40,IEC60034,Boven-A1,0.95,18.2
3EC001.10D4D2.,T3CR-90S-4,90,1.1,4,B3,230/400,IE3,Gietijzer,10,0,6205 2RS C3,6205 2RS C3,IC411,8501522089,F/B,40,-20,B5-flens-horizontaal,PTC,RAL7030,IP55,24x50,IEC60034,Boven-A1,0.95,21.4
3EC001.10D4F2.,T3CR-90S-4,90,1.1,4,B3,230/400,IE3,Gietijzer,17,0,6205 2RS C3,6205 2RS C3,IC411,8501522089,F/B,40,-20,B3-voet-horizontaal,PTC,RAL7030,IP55,24x50,IEC60034,Boven-A1,0.95,21.4
3EC001.50D4D2.,T3CR-90L-4,90,1.5,4,B5,230/400,IE3,Gietijzer,15,0,6205 2RS C3,6205 2RS C3,IC411,8501522089,F/B,40,-20,B5-flens-horizontaal,PTC,RAL7030,IP55,24x50,IEC60034,Boven-A1,0.95,25.9
3EC001.50D4F2.,T3CR-90L-4,90,1.5,4,B3,230/400,IE3,Gietijzer,15,0,6205 2RS C3,6205 2RS C3,IC411,8501522089,F/B,40,-20,B3-voet-horizontaal,PTC,RAL7030,IP55,24x50,IEC60034,Boven-A1,0.95,25.9
3EC002.20D4D2.,T3CR-100L1-4,100,2.2,4,B5,230/400,IE3,Gietijzer,7,0,6206 2RS C3,6206 2RS C3,IC411,8501522089,F/B,40,-20,B5-flens-horizontaal,PTC,RAL7030,IP55,28x60,IEC60034,Boven-A1,0.95,33.8
3EC002.20D4D4.,T3CR-100L1-4,100,2.2,4,B5,400/690,IE3,Gietijzer,10,0,6206 2RS C3,6206 2RS C3,IC411,8501522089,F/B,40,-20,B5-flens-horizontaal,PTC,RAL7030,IP55,28x60,IEC60034,Boven-A1,0.95,33.8
3EC002.20D4F2.,T3CR-100L1-4,100,2.2,4,B3,230/400,IE3,Gietijzer,6,0,6206 2RS C3,6206 2RS C3,IC411,8501522089,F/B,40,-20,B3-voet-horizontaal,PTC,RAL7030,IP55,28x60,IEC60034,Boven-A1,0.95,33.8
3EC002.20D4F4.,T3CR-100L1-4,100,2.2,4,B3,400/690,IE3,Gietijzer,14,0,6206 2RS C3,6206 2RS C3,IC411,8501522089,F/B,40,-20,B3-voet-horizontaal,PTC,RAL7030,IP55,28x60,IEC60034,Boven-A1,0.95,33.8
3EC003.00D4D4.,T3CR-100L2-4,100,3.0,4,B5,400/690,IE3,Gietijzer,8,10,6206 2RS C3,6206 2RS C3,IC411,8501522089,F/B,40,-20,B5-flens-horizontaal,PTC,RAL7030,IP55,28x60,IEC60034,Boven-A1,0.95,39.6
3EC003.00D4F4.,T3CR-100L2-4,100,3.0,4,B3,400/690,IE3,Gietijzer,15,0,6206 2RS C3,6206 2RS C3,IC411,8501522089,F/B,40,-20,B3-voet-horizontaal,PTC,RAL7030,IP55,28x60,IEC60034,Boven-A1,0.95,39.6
3EC004.00D4D4.,T3CR-112M-4,112,4.0,4,B5,400/690,IE3,Gietijzer,17,12,6306 2RS C3,6306 2RS C3,IC411,8501522089,F/B,40,-20,B5-flens-horizontaal,PTC,RAL7030,IP55,28x60,IEC60034,Boven-A1,0.95,45.3
3EC004.00D4F4.,T3CR-112M-4,112,4.0,4,B3,400/690,IE3,Gietijzer,30,0,6306 2RS C3,6306 2RS C3,IC411,8501522089,F/B,40,-20,B3-voet-horizontaal,PTC,RAL7030,IP55,28x60,IEC60034,Boven-A1,0.95,45.3
3EC005.50D4D4.,T3CR-132S-4,132,5.5,4,B5,400/690,IE3,Gietijzer,8,0,6308 2RS C3,6308 2RS C3,IC411,8501522089,F/B,40,-20,B5-flens-horizontaal,PTC,RAL7030,IP55,38x80,IEC60034,Boven-A1,0.95,64.2
3EC005.50D4F4.,T3CR-132S-4,132,5.5,4,B3,400/690,IE3,Gietijzer,19,0,6308 2RS C3,6308 2RS C3,IC411,8501522089,F/B,40,-20,B3-voet-horizontaal,PTC,RAL7030,IP55,38x80,IEC60034,Boven-A1,0.95,64.2
3EC007.50D4D4.,T3CR-132M-4,132,7.5,4,B5,400/690,IE3,Gietijzer,19,0,6308 2RS C3,6308 2RS C3,IC411,8501522089,F/B,40,-20,B5-flens-horizontaal,PTC,RAL7030,IP55,38x80,IEC60034,Boven-A1,0.95,76.3
3EC007.50D4F4.,T3CR-132M-4,132,7.5,4,B3,400/690,IE3,Gietijzer,28,0,6308 2RS C3,6308 2RS C3,IC411,8501522089,F/B,40,-20,B3-voet-horizontaal,PTC,RAL7030,IP55,38x80,IEC60034,Boven-A1,0.95,76.3
3M000.75D4D2.,HMS802-4,80,0.75,4,B5,230/400,IE3,Aluminium,37,0,6204 2RS C3,6204 2RS C3,IC411,8501510090,F/B,40,-20,B5-flens-horizontaal,PTC,RAL7030 / RAL9005,IP55,19x40,IEC60034,Boven-A1,0.95,12.8
3M000.75D4F2.,HMS802-4,80,0.75,4,B3,230/400,IE3,Aluminium,143,0,6204 2RS C3,6204 2RS C3,IC411,8501510090,F/B,40,-20,B3-voet-horizontaal,PTC,RAL7030 / RAL9005,IP55,19x40,IEC60034,Boven-A1,0.95,12.8
3M001.10D4D2.,HMS90S4,90,1.1,4,B5,230/400,IE3,Aluminium,19,0,6205 2RS C3,6205 2RS C3,IC411,8501522089,F/B,40,-20,B5-flens-horizontaal,PTC,RAL7030 / RAL9005,IP55,24x50,IEC60034,Boven-A1,0.95,16
3M001.10D4F2.,HMS90S4,90,1.1,4,B3,230/400,IE3,Aluminium,40,36,6205 2RS C3,6205 2RS C3,IC411,8501522089,F/B,40,-20,B3-voet-horizontaal,PTC,RAL7030 / RAL9005,IP55,24x50,IEC60034,Boven-A1,0.95,16
3M001.50D4D2.,HMS90L4,90,1.5,4,B5,230/400,IE3,Aluminium,110,0,6205 2RS C3,6205 2RS C3,IC411,8501522089,F/B,40,-20,B5-flens-horizontaal,PTC,RAL7030 / RAL9005,IP55,24x50,IEC60034,Boven-A1,0.95,19
3M001.50D4F2.,HMS90L4,90,1.5,4,B3,230/400,IE3,Aluminium,167,0,6205 2RS C3,6205 2RS C3,IC411,8501522089,F/B,40,-20,B3-voet-horizontaal,PTC,RAL7030 / RAL9005,IP55,24x50,IEC60034,Boven-A1,0.95,19
3M002.20D4D2.,HMS100L1-4,100,2.2,4,B5,230/400,IE3,Aluminium,18,18,6206 2RS C3,6206 2RS C3,IC411,8501522089,F/B,40,-20,B5-flens-horizontaal,PTC,RAL7030 / RAL9005,IP55,28x60,IEC60034,Boven-A1,0.95,25
3M002.20D4D4.,HMS100L1-4,100,2.2,4,B5,400/690,IE3,Aluminium,30,0,6206 2RS C3,6206 2RS C3,IC411,8501522089,F/B,40,-20,B5-flens-horizontaal,PTC,RAL7030 / RAL9005,IP55,28x60,IEC60034,Boven-A1,0.95,25
3M002.20D4F2.,HMS100L1-4,100,2.2,4,B3,230/400,IE3,Aluminium,68,36,6206 2RS C3,6206 2RS C3,IC411,8501522089,F/B,40,-20,B3-voet-horizontaal,PTC,RAL7030 / RAL9005,IP55,28x60,IEC60034,Boven-A1,0.95,25
3M002.20D4F4.,HMS100L1-4,100,2.2,4,B3,400/690,IE3,Aluminium,64,0,6206 2RS C3,6206 2RS C3,IC411,8501522089,F/B,40,-20,B3-voet-horizontaal,PTC,RAL7030 / RAL9005,IP55,28x60,IEC60034,Boven-A1,0.95,25
3M003.00D4D2.,HMS100L2-4,100,3.0,4,B5,230/400,IE3,Aluminium,19,0,6206 2RS C3,6206 2RS C3,IC411,8501522089,F/B,40,-20,B5-flens-horizontaal,PTC,RAL7030 / RAL9005,IP55,28x60,IEC60034,Boven-A1,0.95,30
3M003.00D4D4.,HMS100L2-4,100,3.0,4,B5,400/690,IE3,Aluminium,16,0,6206 2RS C3,6206 2RS C3,IC411,8501522089,F/B,40,-20,B5-flens-horizontaal,PTC,RAL7030 / RAL9005,IP55,28x60,IEC60034,Boven-A1,0.95,30
3M003.00D4F2.,HMS100L2-4,100,3.0,4,B3,230/400,IE3,Aluminium,28,0,6206 2RS C3,6206 2RS C3,IC411,8501522089,F/B,40,-20,B3-voet-horizontaal,PTC,RAL7030 / RAL9005,IP55,28x60,IEC60034,Boven-A1,0.95,30
3M003.00D4F4.,HMS100L2-4,100,3.0,4,B3,400/690,IE3,Aluminium,21,0,6206 2RS C3,6206 2RS C3,IC411,8501522089,F/B,40,-20,B3-voet-horizontaal,PTC,RAL7030 / RAL9005,IP55,28x60,IEC60034,Boven-A1,0.95,30
3M003.00D4FD2.,HMS100L2-4,100,3.0,4,B35,230/400,IE3,Aluminium,10,0,6206 2RS C3,6206 2RS C3,IC411,8501522089,F/B,40,-20,B35-voet & flens-horizontaal,PTC,RAL7030 / RAL9005,IP55,28x60,IEC60034,Boven-A1,0.95,30
3M004.00D4D2.,HMS112M4,112,4.0,4,B5,230/400,IE3,Aluminium,17,0,6306 2RS C3,6306 2RS C3,IC411,8501522089,F/B,40,-20,B5-flens-horizontaal,PTC,RAL7030 / RAL9005,IP55,28x60,IEC60034,Boven-A1,0.95,38
3M004.00D4D4.,HMS112M4,112,4.0,4,B5,400/690,IE3,Aluminium,46,0,6306 2RS C3,6306 2RS C3,IC411,8501522089,F/B,40,-20,B5-flens-horizontaal,PTC,RAL7030 / RAL9005,IP55,28x60,IEC60034,Boven-A1,0.95,38
3M004.00D4F2.,HMS112M-4,112,4.0,4,B3,230/400,IE3,Aluminium,70,0,6306 2RS C3,6306 2RS C3,IC411,8501522089,F/B,40,-20,B3-voet-horizontaal,PTC,RAL7030 / RAL9005,IP55,28x60,IEC60034,Boven-A1,0.95,38
3M004.00D4F4.,HMS112M4,112,4.0,4,B3,400/690,IE3,Aluminium,61,0,6306 2RS C3,6306 2RS C3,IC411,8501522089,F/B,40,-20,B3-voet-horizontaal,PTC,RAL7030 / RAL9005,IP55,28x60,IEC60034,Boven-A1,0.95,38
3M005.50D4D2.,HMS132S4,132,5.5,4,B5,230/400,IE3,Aluminium,0,0,6308 2RS C3,6308 2RS C3,IC411,8501522089,F/B,40,-20,B5-flens-horizontaal,PTC,RAL7030 / RAL9005,IP55,38x80,IEC60034,Boven-A1,0.95,59
3M005.50D4D4.,HMS132S4,132,5.5,4,B5,400/690,IE3,Aluminium,51,0,6308 2RS C3,6308 2RS C3,IC411,8501522089,F/B,40,-20,B5-flens-horizontaal,PTC,RAL7030 / RAL9005,IP55,38x80,IEC60034,Boven-A1,0.95,59
3M005.50D4F2.,HMS132S4,132,5.5,4,B3,230/400,IE3,Aluminium,16,12,6308 2RS C3,6308 2RS C3,IC411,8501522089,F/B,40,-20,B3-voet-horizontaal,PTC,RAL7030 / RAL9005,IP55,38x80,IEC60034,Boven-A1,0.95,59
3M005.50D4F4.,HMS132S4,132,5.5,4,B3,400/690,IE3,Aluminium,90,0,6308 2RS C3,6308 2RS C3,IC411,8501522089,F/B,40,-20,B3-voet-horizontaal,PTC,RAL7030 / RAL9005,IP55,38x80,IEC60034,Boven-A1,0.95,59
3M005.50D4FD2.,HMS132S4,132,5.5,4,B35,230/400,IE3,Aluminium,4,0,6308 2RS C3,6308 2RS C3,IC411,8501522089,F/B,40,-20,B35-voet & flens-horizontaal,PTC,RAL7030 / RAL9005,IP55,38x80,IEC60034,Boven-A1,0.95,59
3M005.50D4FD4.,HMS132S4,132,5.5,4,B35,400/690,IE3,Aluminium,26,0,6308 2RS C3,6308 2RS C3,IC411,8501522089,F/B,40,-20,B35-voet & flens-horizontaal,PTC,RAL7030 / RAL9005,IP55,38x80,IEC60034,Boven-A1,0.95,59
3M007.50D4D2.,HMS132M4,132,7.5,4,B5,230/400,IE3,Aluminium,0,0,6308 2RS C3,6308 2RS C3,IC411,8501522089,F/B,40,-20,B5-flens-horizontaal,PTC,RAL7030 / RAL9005,IP55,38x80,IEC60034,Boven-A1,0.95,68
3M007.50D4D4.,HMS132M4,132,7.5,4,B5,400/690,IE3,Aluminium,49,0,6308 2RS C3,6308 2RS C3,IC411,8501522089,F/B,40,-20,B5-flens-horizontaal,PTC,RAL7030 / RAL9005,IP55,38x80,IEC60034,Boven-A1,0.95,68
3M007.50D4F2.,HMS132M4,132,7.5,4,B3,230/400,IE3,Aluminium,19,0,6308 2RS C3,6308 2RS C3,IC411,8501522089,F/B,40,-20,B3-voet-horizontaal,PTC,RAL7030 / RAL9005,IP55,38x80,IEC60034,Boven-A1,0.95,68
3M007.50D4F4.,HMS132M4,132,7.5,4,B3,400/690,IE3,Aluminium,78,0,6308 2RS C3,6308 2RS C3,IC411,8501522089,F/B,40,-20,B3-voet-horizontaal,PTC,RAL7030 / RAL9005,IP55,38x80,IEC60034,Boven-A1,0.95,68
3M007.50D4FD2.,HMS132M4,132,7.5,4,B35,230/400,IE3,Aluminium,8,0,6308 2RS C3,6308 2RS C3,IC411,8501522089,F/B,40,-20,B35-voet & flens-horizontaal,PTC,RAL7030 / RAL9005,IP55,38x80,IEC60034,Boven-A1,0.95,68
3M011.00D4F4.,HMS160M4,160,11.0,4,B3,400/690,IE3,Aluminium,5,0,6309 2RS C3,6309 2RS C3,IC411,8501523090,F/B,40,-20,B3-voet-horizontaal,PTC,RAL7030 / RAL9005,IP55,42x110,IEC60034,Boven-A1,0.95,97
3M015.00D4F4.,HMS160L4,160,15.0,4,B3,400/690,IE3,Aluminium,7,0,6309 2RS C3,6309 2RS C3,IC411,8501523090,F/B,40,-20,B3-voet-horizontaal,PTC,RAL7030 / RAL9005,IP55,42x110,IEC60034,Boven-A1,0.95,112
3S011.00D4D4.,YE3-160XM-4,160,11.0,4,B5,400/690,IE3,Gietijzer,13,0,6309 2RS C3,6309 2RS C3,IC411,8501523090,F/B,40,-20,B5-flens-horizontaal,PTC,RAL7030 / RAL7030,IP55,42x110,IEC60034,Boven-A1,0.95,132
3S011.00D4F4.,YE3-160XM-4,160,11.0,4,B3,400/690,IE3,Gietijzer,13,0,6309 2RS C3,6309 2RS C3,IC411,8501523090,F/B,40,-20,B3-voet-horizontaal,PTC,RAL7030 / RAL7030,IP55,42x110,IEC60034,Boven-A1,0.95,132
3S011.00D4F4L.,YE3-160XM-4,160,11.0,4,B3,400/690,IE3,Gietijzer,0,0,6309 2RS C3,6309 2RS C3,IC411,8501523090,F/B,40,-20,B3-voet-horizontaal,PTC,RAL7030 / RAL7030,IP55,42x110,IEC60034,Links-D4,0.95,132
3S011.00D4F4R.,YE3-160XM-4,160,11.0,4,B3,400/690,IE3,Gietijzer,0,0,6309 2RS C3,6309 2RS C3,IC411,8501523090,F/B,40,-20,B3-voet-horizontaal,PTC,RAL7030 / RAL7030,IP55,42x110,IEC60034,Rechts-B1,0.95,132
3S011.00D4FD4.,YE3-160XM-4,160,11.0,4,B35,400/690,IE3,Gietijzer,9,0,6309 2RS C3,6309 2RS C3,IC411,8501523090,F/B,40,-20,B35-voet & flens-horizontaal,PTC,RAL7030 / RAL7030,IP55,42x110,IEC60034,Boven-A1,0.95,132
3S015.00D4D4.,YE3-160L4,160,15.0,4,B5,400/690,IE3,Gietijzer,0,0,6309 2RS C3,6309 2RS C3,IC411,8501523090,F/B,40,-20,B5-flens-horizontaal,PTC,RAL7030 / RAL7030,IP55,42x110,IEC60034,Boven-A1,0.95,150
3S015.00D4F2.,YE3-160L-4,160,15.0,4,B3,230/400,IE3,Gietijzer,1,0,6309 2RS C3,6309 2RS C3,IC411,8501523090,F/B,40,-20,B3-voet-horizontaal,PTC,RAL7030 / RAL7030,IP55,42x110,IEC60034,Boven-A1,0.95,150
3S015.00D4F4.,YE3-160XL-4,160,15.0,4,B3,400/690,IE3,Gietijzer,0,0,6309 2RS C3,6309 2RS C3,IC411,8501523090,F/B,40,-20,B3-voet-horizontaal,PTC,RAL7030 / RAL7030,IP55,42x110,IEC60034,Boven-A1,0.95,150
3S015.00D4F4L.,YE3-160XL-4,160,15.0,4,B3,400/690,IE3,Gietijzer,0,0,6309 2RS C3,6309 2RS C3,IC411,8501523090,F/B,40,-20,B3-voet-horizontaal,PTC,RAL7030 / RAL7030,IP55,42x110,IEC60034,Links-D4,0.95,150
3S015.00D4F4R.,YE3-160XL-4,160,15.0,4,B3,400/690,IE3,Gietijzer,4,0,6309 2RS C3,6309 2RS C3,IC411,8501523090,F/B,40,-20,B3-voet-horizontaal,PTC,RAL7030 / RAL7030,IP55,42x110,IEC60034,Rechts-B1,0.95,150
3S018.50D4D4.,YE3-180XM-4,180,18.5,4,B5,400/690,IE3,Gietijzer,12,0,6311 2RS C3,6311 2RS C3,IC411,8501523090,F/B,40,-20,B5-flens-horizontaal,PTC,RAL7030 / RAL7030,IP55,48x110,IEC60034,Boven-A1,0.95,190
3S018.50D4F2.,YE3-180XM-4,180,18.5,4,B3,230/400,IE3,Gietijzer,2,0,6311 2RS C3,6311 2RS C3,IC411,8501523090,F/B,40,-20,B3-voet-horizontaal,PTC,RAL7030 / RAL7030,IP55,48x110,IEC60034,Boven-A1,0.95,190
3S018.50D4F2R.,YE3-180XM-4,180,18.5,4,B3,230/400,IE3,Gietijzer,5,0,6311 2RS C3,6311 2RS C3,IC411,8501523090,F/B,40,-20,B3-voet-horizontaal,PTC,RAL7030 / RAL7030,IP55,48x110,IEC60034,Rechts-B1,0.95,190
3S018.50D4F4.,YE3-180M4,180,18.5,4,B3,400/690,IE3,Gietijzer,0,0,6311 2RS C3,6311 2RS C3,IC411,8501523090,F/B,40,-20,B3-voet-horizontaal,PTC,RAL7030 / RAL7030,IP55,48x110,IEC60034,Boven-A1,0.95,190
3S018.50D4F4L.,YE3-180M-4,180,18.5,4,B3,400/690,IE3,Gietijzer,7,0,6311 2RS C3,6311 2RS C3,IC411,8501523090,F/B,40,-20,B3-voet-horizontaal,PTC,RAL7030 / RAL7030,IP55,48x110,IEC60034,Links-D4,0.95,190
3S018.50D4F4R.,YE3-180M-4,180,18.5,4,B3,400/690,IE3,Gietijzer,8,0,6311 2RS C3,6311 2RS C3,IC411,8501523090,F/B,40,-20,B3-voet-horizontaal,PTC,RAL7030 / RAL7030,IP55,48x110,IEC60034,Rechts-B1,0.95,190
3S022.00D4D4.,YE3-180XL-4,180,22.0,4,B5,400/690,IE3,Gietijzer,8,0,6311 2RS C3,6311 2RS C3,IC411,8501523090,F/B,40,-20,B5-flens-horizontaal,PTC,RAL7030 / RAL7030,IP55,48x110,IEC60034,Boven-A1,0.95,206
3S022.00D4F2.,YE3-180XL-4,180,22.0,4,B3,230/400,IE3,Gietijzer,5,0,6311 2RS C3,6311 2RS C3,IC411,8501523090,F/B,40,-20,B3-voet-horizontaal,PTC,RAL7030 / RAL7030,IP55,48x110,IEC60034,Boven-A1,0.95,206
3S022.00D4F4.,YE3-180XL-4,180,22.0,4,B3,400/690,IE3,Gietijzer,0,0,6311 2RS C3,6311 2RS C3,IC411,8501523090,F/B,40,-20,B3-voet-horizontaal,PTC,RAL7030 / RAL7030,IP55,48x110,IEC60034,Boven-A1,0.95,206
3S022.00D4F4L.,YE3-180XL-4,180,22.0,4,B3,400/690,IE3,Gietijzer,2,0,6311 2RS C3,6311 2RS C3,IC411,8501523090,F/B,40,-20,B3-voet-horizontaal,PTC,RAL7030 / RAL7030,IP55,48x110,IEC60034,Links-D4,0.95,206
3S022.00D4F4R.,YE3-180L-4,180,22.0,4,B3,400/690,IE3,Gietijzer,12,0,6311 2RS C3,6311 2RS C3,IC411,8501523090,F/B,40,-20,B3-voet-horizontaal,PTC,RAL7030 / RAL7030,IP55,48x110,IEC60034,Rechts-B1,0.95,206
3S030.00D4D4.,YE3-200L4,200,30.0,4,B5,400/690,IE3,Gietijzer,0,0,6312 2RS C3,6312 2RS C3,IC411,8501523090,F/B,40,-20,B5-flens-horizontaal,PTC,RAL7030 / RAL7030,IP55,55x110,IEC60034,Boven-A1,0.95,278
3S030.00D4F4.,YE3-200L4,200,30.0,4,B3,400/690,IE3,Gietijzer,0,0,6312 2RS C3,6312 2RS C3,IC411,8501523090,F/B,40,-20,B3-voet-horizontaal,PTC,RAL7030 / RAL7030,IP55,55x110,IEC60034,Boven-A1,0.95,278
3S030.00D4F4L.,YE3-200L-4,200,30.0,4,B3,400/690,IE3,Gietijzer,0,0,6312 2RS C3,6312 2RS C3,IC411,8501523090,F/B,40,-20,B3-voet-horizontaal,PTC,RAL7030 / RAL7030,IP55,55x110,IEC60034,Links-D4,0.95,278
3S037.00D4F4.,VB225S-4,225,37.0,4,B3,400/690,IE3,Gietijzer,0,0,6313 C3,6313 C3,IC411,8501523090,F/B,40,-20,B3-voet-horizontaal,PTC,RAL7030 / RAL7030,IP55,60x140,IEC60034,Boven-A1,0.95,310
3S037.00D4F4L.,YE3-225S4,225,37.0,4,B3,400/690,IE3,Gietijzer,8,0,6313 C3,6313 C3,IC411,8501523090,F/B,40,-20,B3-voet-horizontaal,PTC,RAL7030 / RAL7030,IP55,60x140,IEC60034,Links-D4,0.95,310
3S037.00D4F4R.,YE3-225S4,225,37.0,4,B3,400/690,IE3,Gietijzer,0,0,6313 C3,6313 C3,IC411,8501523090,F/B,40,-20,B3-voet-horizontaal,PTC,RAL7030 / RAL7030,IP55,60x140,IEC60034,Rechts-B1,0.95,310
3S045.00D4F4.,YE3-225M4,225,45.0,4,B3,400/690,IE3,Gietijzer,0,0,6313 C3,6313 C3,IC411,8501529090,F/B,40,-20,B3-voet-horizontaal,PTC,RAL7030 / RAL7030,IP55,60x140,IEC60034,Boven-A1,0.95,340
3S055.00D4F4.,VB250M-4,250,55.0,4,B3,400/690,IE3,Gietijzer,0,0,6314 C3,6314 C3,IC411,8501529090,F/B,40,-20,B3-voet-horizontaal,PTC,RAL7030 / RAL7030,IP55,65x140,IEC60034,Boven-A1,0.95,450
3S075.00D4D4.,YE3-280S4,280,75.0,4,B5,400/690,IE3,Gietijzer,1,0,6317 C3,6317 C3,IC411,8501529090,F/B,40,-20,B5-flens-horizontaal,PTC,RAL7030 / RAL7030,IP55,75x140,IEC60034,Boven-A1,0.95,640
3S075.00D4F4.,YE3-280S-4,280,75.0,4,B3,400/690,IE3,Gietijzer,0,0,6317 C3,6317 C3,IC411,8501529090,F/B,40,-20,B3-voet-horizontaal,PTC,RAL7030 / RAL7030,IP55,75x140,IEC60034,Boven-A1,0.95,640
3S090.00D4D4.,YE3-280M4,280,90.0,4,B5,400/690,IE3,Gietijzer,0,5,6317 C3,6317 C3,IC411,8501538190,F/B,40,-20,B5-flens-horizontaal,PTC,RAL7030 / RAL7030,IP55,75x140,IEC60034,Boven-A1,0.95,680
3S090.00D4F4.,VB280M-4,280,90.0,4,B3,400/690,IE3,Gietijzer,0,0,6317 C3,6317 C3,IC411,8501538190,F/B,40,-20,B3-voet-horizontaal,PTC,RAL7030 / RAL7030,IP55,75x140,IEC60034,Boven-A1,0.95,680
3S110.00D4F4.,YE3-315S4,315,110.0,4,B3,400/690,IE3,Gietijzer,6,0,NU319 C3,6319 C3,IC411,8501538190,F/B,40,-20,B3-voet-horizontaal,PTC,RAL7030 / RAL7030,IP55,80x170,IEC60034,Boven-A1,0.95,960
3S110.00D4K4.,YE3-315S4,315,110.0,4,B3,400/690,IE3,Gietijzer,3,0,6319 C3,6319 C3,IC411,8501538190,F/B,40,-20,B3-voet-horizontaal,PTC,RAL7030 / RAL7030,IP55,80x170,IEC60034,Boven-A1,0.95,960
3S110.00D4V4.,YE3-315S4,315,110.0,4,V1,400/690,IE3,Gietijzer,0,3,6319 C3,7319,IC411,8501538190,F/B,40,-20,V1-flens-verticaal-as naar beneden,PTC,RAL7030 / RAL7030,IP55,80x170,IEC60034,Boven-A1,0.95,960
3S132.00D4F4.,YE3-315M4,315,132.0,4,B3,400/690,IE3,Gietijzer,0,0,NU319 C3,6319 C3,IC411,8501538190,F/B,40,-20,B3-voet-horizontaal,PTC,RAL7030 / RAL7030,IP55,80x170,IEC60034,Boven-A1,0.95,1148
3S132.00D4V4.,YE3-315M4,315,132.0,4,V1,400/690,IE3,Gietijzer,2,0,6319 C3,7319,IC411,8501538190,F/B,40,-20,V1-flens-verticaal-as naar beneden,PTC,RAL7030 / RAL7030,IP55,80x170,IEC60034,Boven-A1,0.95,1148
3S160.00D4F4.,YE3-315L1-4,315,160.0,4,B3,400/690,IE3,Gietijzer,1,0,NU319 C3,6319 C3,IC411,8501538190,F/B,40,-20,B3-voet-horizontaal,PTC,RAL7030 / RAL7030,IP55,80x170,IEC60034,Boven-A1,0.95,1150
3S160.00D4K4.,YE3-315L1-4,315,160.0,4,B3,400/690,IE3,Gietijzer,1,0,6319 C3,6319 C3,IC411,8501538190,F/B,40,-20,B3-voet-horizontaal,PTC,RAL7030 / RAL7030,IP55,80x170,IEC60034,Boven-A1,0.95,1150
3S160.00D4V4.,YE3-315L1-4,315,160.0,4,V1,400/690,IE3,Gietijzer,1,0,6319 C3,7319,IC411,8501538190,F/B,40,-20,V1-flens-verticaal-as naar beneden,PTC,RAL7030 / RAL7030,IP55,80x170,IEC60034,Boven-A1,0.95,1150
3S200.00D4F4.,YE3-315L2-4,315,200.0,4,B3,400/690,IE3,Gietijzer,0,2,NU319 C3,6319 C3,IC411,8501538190,F/B,40,-20,B3-voet-horizontaal,PTC,RAL7030 / RAL7030,IP55,80x170,IEC60034,Boven-A1,0.95,1250
3S200.00D4V4.,YE3-315L2-4,315,200.0,4,V1,400/690,IE3,Gietijzer,2,0,6319 C3,7319,IC411,8501538190,F/B,40,-20,V1-flens-verticaal-as naar beneden,PTC,RAL7030 / RAL7030,IP55,80x170,IEC60034,Boven-A1,0.95,1250
3S250.00D4V4.,YE3-355M2-4,355,250.0,4,V1,400/690,IE3,Gietijzer,0,1,6322 C3,7322,IC411,8501538190,F/B,40,-20,V1-flens-verticaal-as naar beneden,PTC,RAL7030 / RAL7030,IP55,100x210,IEC60034,Boven-A1,0.95,1725
3XE011.00D4FD4.,T3CR-132M-4,132,11.0,4,B35,400/690,IE3,Gietijzer,0,0,6308 2RS C3,6308 2RS C3,IC411,8501522089,F/B,40,-20,B35-voet & flens-horizontaal,PTC,RAL7030 / RAL7030,IP55,38x80,IEC60034,Boven-A1,0.95,0
3XE018.50D4F4.,T3CR-160L2-4,160,18.5,4,B3,400/690,IE3,Gietijzer,2,42,6309 2RS C3,6309 2RS C3,IC411,8501523090,F/B,40,-20,B3-voet-horizontaal,PTC,RAL7030 / RAL7030,IP55,42x110,IEC60034,Boven-A1,0.95,154
3XE030.00D4F4.,T3CR-180L2-4,180,30.0,4,B3,400/690,IE3,Gietijzer,21,8,6311 2RS C3,6311 2RS C3,IC411,8501523090,F/B,40,-20,B3-voet-horizontaal,PTC,RAL7030 / RAL7030,IP55,48x110,IEC60034,Boven-A1,0.95,206
3XE037.00D4F4.,T3CR-200L2-4,200,37.0,4,B3,400/690,IE3,Gietijzer,0,0,6312 2RS C3,6312 2RS C3,IC411,8501523090,F/B,40,-20,B3-voet-horizontaal,PTC,RAL7030 / RAL7030,IP55,55x110,IEC60034,Boven-A1,0.95,276
3XE045.00D4F4.,T3CR-200L3-4,200,45.0,4,B3,400/690,IE3,Gietijzer,6,9,6312 2RS C3,6312 2RS C3,IC411,8501529090,F/B,40,-20,B3-voet-horizontaal,PTC,7030,IP55,55x110,IEC60034,Boven-A1,0.95,265
3XE055.00D4F4.,T3CR-225M2-4,225,55.0,4,B3,400/690,IE3,Gietijzer,7,10,6313 C3,6313 C3,IC411,8501529090,F/B,40,-20,B3-voet-horizontaal,PTC,RAL7030 / RAL7030,IP55,60x140,IEC60034,Boven-A1,0.95,351
3XE075.00D4F4.,T3CR-250M2-4,250,75.0,4,B3,400/690,IE3,Gietijzer,4,0,6314 C3,6314 C3,IC411,8501529090,F/B,40,-20,B3-voet-horizontaal,PTC,RAL7030 / RAL7030,IP55,65x140,IEC60034,Boven-A1,0.95,461
3XE110.00D4D4.,T3CR-280M2-4,280,110.0,4,B5,400/690,IE3,Gietijzer,0,3,6316 C3,6316 C3,IC411,8501538190,F/B,40,-20,B5-flens-horizontaal,PTC,RAL7030 / RAL7030,IP55,75x140,IEC60034,Boven-A1,0.95,685
3XE110.00D4F4.,T3CR-280M2-4,280,110.0,4,B3,400/690,IE3,Gietijzer,3,2,6316 C3,6316 C3,IC411,8501538190,F/B,40,-20,B3-voet-horizontaal,PTC,RAL7030 / RAL7030,IP55,75x140,IEC60034,Boven-A1,0.95,685
3XS018.50D4F4.,XE3-160L-4,160,18.5,4,B3,400/690,IE3,Gietijzer,0,0,6309 2RS C3,6309 2RS C3,IC411,8501523090,F/B,40,-20,B3-voet-horizontaal,PTC,RAL7030 / RAL7030,IP55,42x110,IEC60034,Boven-A1,0.95,153
3XS045.00D4F4.,XE3-200L-4,200,45.0,4,B3,400/690,IE3,Gietijzer,0,0,6312 2RS C3,6312 2RS C3,IC411,8501529090,F/B,40,-20,B3-voet-horizontaal,PTC,RAL7030 / RAL7030,IP55,55x110,IEC60034,Boven-A1,0.95,289
3XS055.00D4F4.,XE3-225M-4,225,55.0,4,B3,400/690,IE3,Gietijzer,0,0,6313 C3,6313 C3,IC411,8501529090,F/B,40,-20,B3-voet-horizontaal,PTC,RAL7030 / RAL7030,IP55,60x140,IEC60034,Boven-A1,0.95,357
3XS055.00D4F4R.,XE3-225M-4,225,55.0,4,B3,400/690,IE3,Gietijzer,0,0,6313 C3,6313 C3,IC411,8501529090,F/B,40,-20,B3-voet-horizontaal,PTC,RAL7030 / RAL7030,IP55,60x140,IEC60034,Rechts-B1,0.95,357
3XS075.00D4D4.,XE3-250M-4,250,75.0,4,B5,400/690,IE3,Gietijzer,0,0,6314 C3,6314 C3,IC411,8501529090,F/B,40,-20,B5-flens-horizontaal,PTC,RAL7030 / RAL7030,IP55,65x140,IEC60034,Boven-A1,0.95,496
3XS075.00D4F4.,XE3-250M-4,250,75.0,4,B3,400/690,IE3,Gietijzer,6,0,6314 C3,6314 C3,IC411,8501529090,F/B,40,-20,B3-voet-horizontaal,PTC,RAL7030 / RAL7030,IP55,65x140,IEC60034,Boven-A1,0.95,496
3XS110.00D4D4.,XE3-280M-4,280,110.0,4,B5,400/690,IE3,Gietijzer,0,0,6317 C3,6317 C3,IC411,8501538190,F/B,40,-20,B5-flens-horizontaal,PTC,RAL7030 / RAL7030,IP55,75x140,IEC60034,Boven-A1,0.95,692
3XS110.00D4F4.,XE3-280M-4,280,110.0,4,B3,400/690,IE3,Gietijzer,0,0,6317 C3,6317 C3,IC411,8501538190,F/B,40,-20,B3-voet-horizontaal,PTC,RAL7030 / RAL7030,IP55,75x140,IEC60034,Boven-A1,0.95,692
3Y003.00D4D4.,YE3-100L2-4,100,3.0,4,B5,400/690,IE3,Gietijzer,2,0,6206 ZZ C3,6206 ZZ C3,IC411,8501522089,F/B,40,-20,B5-flens-horizontaal,PTC,RAL7030 / RAL7030,IP55,28x60,IEC60034,Boven-A1,0.95,56
4E000.75D4F2.,T4A-802-4,80,0.75,4,B3,230/400,IE4,Aluminium,11,18,6204 2RS C3,6204 2RS C3,IC411,8501510090,F/B,40,-20,B3-voet-horizontaal,PTC,RAL7024 / RAL7024,IP55,19x40,IEC60034,Boven-A1,0.95,13
4E001.10D4F2.,T4A-90S-4,90,1.1,4,B3,230/400,IE4,Aluminium,11,0,6205 2RS C3,6205 2RS C3,IC411,8501522089,F/B,40,-20,B3-voet-horizontaal,PTC,RAL7024 / RAL7024,IP55,24x50,IEC60034,Boven-A1,0.95,18
4E001.50D4F2.,T4A-90L1-4,90,1.5,4,B3,230/400,IE4,Aluminium,21,0,6205 2RS C3,6205 2RS C3,IC411,8501522089,F/B,40,-20,B3-voet-horizontaal,PTC,RAL7024 / RAL7024,IP55,24x50,IEC60034,Boven-A1,0.95,21.5
4E002.20D4F2.,T4A-100L1-4,100,2.2,4,B3,230/400,IE4,Aluminium,0,18,6206 2RS C3,6206 2RS C3,IC411,8501522089,F/B,40,-20,B3-voet-horizontaal,PTC,RAL7024 / RAL7024,IP55,28x60,IEC60034,Boven-A1,0.95,26
4E002.20D4F4.,T4A-100L1-4,100,2.2,4,B3,400/690,IE4,Aluminium,20,0,6206 2RS C3,6206 2RS C3,IC411,8501522089,F/B,40,-20,B3-voet-horizontaal,PTC,RAL7024 / RAL7024,IP55,28x60,IEC60034,Boven-A1,0.95,26
4E003.00D4F2.,T4A-100L2-4,100,3.0,4,B3,230/400,IE4,Aluminium,30,0,6206 2RS C3,6206 2RS C3,IC411,8501522089,F/B,40,-20,B3-voet-horizontaal,PTC,RAL7024 / RAL7024,IP55,28x60,IEC60034,Boven-A1,0.95,33
4E003.00D4F4.,T4A-100L2-4,100,3.0,4,B3,400/690,IE4,Aluminium,12,0,6206 2RS C3,6206 2RS C3,IC411,8501522089,F/B,40,-20,B3-voet-horizontaal,PTC,RAL7024 / RAL7024,IP55,28x60,IEC60034,Boven-A1,0.95,33
4E004.00D4F2.,T4A-112M1-4,112,4.0,4,B3,230/400,IE4,Aluminium,24,0,6306 2RS C3,6206 2RS C3,IC411,8501522089,F/B,40,-20,B3-voet-horizontaal,PTC,RAL7024 / RAL7024,IP55,28x60,IEC60034,Boven-A1,0.95,41
4E004.00D4F4.,T4A-112M1-4,112,4.0,4,B3,400/690,IE4,Aluminium,19,0,6306 2RS C3,6206 2RS C3,IC411,8501522089,F/B,40,-20,B3-voet-horizontaal,PTC,RAL7024 / RAL7024,IP55,28x60,IEC60034,Boven-A1,0.95,41
4E005.50D4F2.,T4A-132S-4,132,5.5,4,B3,230/400,IE4,Aluminium,19,0,6308 2RS C3,6208 2RS C3,IC411,8501522089,F/B,40,-20,B3-voet-horizontaal,PTC,RAL7024 / RAL7024,IP55,38x80,IEC60034,Boven-A1,0.95,56
4E005.50D4F4.,T4A-132S-4,132,5.5,4,B3,400/690,IE4,Aluminium,58,0,6308 2RS C3,6208 2RS C3,IC411,8501522089,F/B,40,-20,B3-voet-horizontaal,PTC,RAL7024 / RAL7024,IP55,38x80,IEC60034,Boven-A1,0.95,56
4E007.50D4F2.,T4A-132M-4,132,7.5,4,B3,230/400,IE4,Aluminium,11,0,6308 2RS C3,6208 2RS C3,IC411,8501522089,F/B,40,-20,B3-voet-horizontaal,PTC,RAL7024 / RAL7024,IP55,38x80,IEC60034,Boven-A1,0.95,74
4E007.50D4F4.,T4A-132M-4,132,7.5,4,B3,400/690,IE4,Aluminium,38,0,6308 2RS C3,6208 2RS C3,IC411,8501522089,F/B,40,-20,B3-voet-horizontaal,PTC,RAL7024 / RAL7024,IP55,38x80,IEC60034,Boven-A1,0.95,74
4E011.00D4D4.,T4CR-160M-4,160,11.0,4,B5,400/690,IE4,Gietijzer,0,0,6309 2RS C3,6309 2RS C3,IC411,8501523090,F/B,40,-20,B5-flens-horizontaal,PTC,RAL7024 / RAL7024,IP55,42x110,IEC60034,Boven-A1,0.95,132
4E011.00D4F2.,T4CR-160M-4,160,11.0,4,B3,230/400,IE4,Gietijzer,0,0,6309 2RS C3,6309 2RS C3,IC411,8501523090,F/B,40,-20,B3-voet-horizontaal,PTC,RAL7024 / RAL7024,IP55,42x110,IEC60034,Boven-A1,0.95,132
4E011.00D4F4.,T4CR-160M-4,160,11.0,4,B3,400/690,IE4,Gietijzer,24,0,6309 2RS C3,6309 2RS C3,IC411,8501523090,F/B,40,-20,B3-voet-horizontaal,PTC,RAL7024 / RAL7024,IP55,42x110,IEC60034,Boven-A1,0.95,132
4E015.00D4D4.,T4CR-160L-4,160,15.0,4,B5,400/690,IE4,Gietijzer,0,0,6309 2RS C3,6309 2RS C3,IC411,8501523090,F/B,40,-20,B5-flens-horizontaal,PTC,RAL7024 / RAL7024,IP55,42x110,IEC60034,Boven-A1,0.95,179
4E015.00D4F2.,T4CR-160L-4,160,15.0,4,B3,230/400,IE4,Gietijzer,0,0,6309 2RS C3,6309 2RS C3,IC411,8501523090,F/B,40,-20,B3-voet-horizontaal,PTC,RAL7024 / RAL7024,IP55,42x110,IEC60034,Boven-A1,0.95,179
4E015.00D4F4.,T4CR-160L-4,160,15.0,4,B3,400/690,IE4,Gietijzer,0,36,6309 2RS C3,6309 2RS C3,IC411,8501523090,F/B,40,-20,B3-voet-horizontaal,PTC,RAL7024 / RAL7024,IP55,42x110,IEC60034,Boven-A1,0.95,179
4E018.50D4D4.,T4CR-180M-4,180,18.5,4,B5,400/690,IE4,Gietijzer,0,0,6311 2RS C3,6311 2RS C3,IC411,8501523090,F/B,40,-20,B5-flens-horizontaal,PTC,RAL7024 / RAL7024,IP55,48x110,IEC60034,Boven-A1,0.95,184
4E018.50D4F2.,T4CR-180M-4,180,18.5,4,B3,230/400,IE4,Gietijzer,0,0,6311 2RS C3,6311 2RS C3,IC411,8501523090,F/B,40,-20,B3-voet-horizontaal,PTC,RAL7024 / RAL7024,IP55,48x110,IEC60034,Boven-A1,0.95,184
4E018.50D4F4.,T4CR-180M-4,180,18.5,4,B3,400/690,IE4,Gietijzer,15,8,6311 2RS C3,6311 2RS C3,IC411,8501523090,F/B,40,-20,B3,PTC,RAL7024 / RAL7024,IP55,48x110,IEC60034,Boven-A1,0.95,184
4E022.00D4D4.,T4CR-180L-4,180,22.0,4,B5,400/690,IE4,Gietijzer,0,0,6311 2RS C3,6311 2RS C3,IC411,8501523090,F/B,40,-20,B5-flens-horizontaal,PTC,RAL7024 / RAL7024,IP55,48x110,IEC60034,Boven-A1,0.95,206
4E022.00D4F2.,T4CR-180L-4,180,22.0,4,B3,230/400,IE4,Gietijzer,0,0,6311 2RS C3,6311 2RS C3,IC411,8501523090,F/B,40,-20,B3-voet-horizontaal,PTC,RAL7024 / RAL7024,IP55,48x110,IEC60034,Boven-A1,0.95,206
4E022.00D4F4.,T4CR-180L-4,180,22.0,4,B3,400/690,IE4,Gietijzer,21,12,6311 2RS C3,6311 2RS C3,IC411,8501523090,F/B,40,-20,B3-voet-horizontaal,PTC,RAL7024 / RAL7024,IP55,48x110,IEC60034,Boven-A1,0.95,206
4E030.00D4D4.,T4CR-200L-4,200,30.0,4,B5,400/690,IE4,Gietijzer,0,0,6312 2RS C3,6312 2RS C3,IC411,8501523090,F/B,40,-20,B5-flens-horizontaal,PTC,RAL7024 / RAL7024,IP55,55x110,IEC60034,Boven-A1,0.95,295
4E030.00D4F2.,T4CR-200L-4,200,30.0,4,B3,230/400,IE4,Gietijzer,0,0,6312 2RS C3,6312 2RS C3,IC411,8501523090,F/B,40,-20,B3-voet-horizontaal,PTC,RAL7024 / RAL7024,IP55,55x110,IEC60034,Boven-A1,0.95,295
4E030.00D4F4.,T4CR-200L-4,200,30.0,4,B3,400/690,IE4,Gietijzer,25,4,6312 2RS C3,6312 2RS C3,IC411,8501523090,F/B,40,-20,B3-voet-horizontaal,PTC,RAL7024 / RAL7024,IP55,55x110,IEC60034,Boven-A1,0.95,268
4E037.00D4D4.,T4CR-225S-4,225,37.0,4,B5,400/690,IE4,Gietijzer,0,0,6313 C3,6313 C3,IC411,8501523090,F/B,40,-20,B5-flens-horizontaal,PTC,RAL7024 / RAL7024,IP55,60x140,IEC60034,Boven-A1,0.95,335
4E037.00D4F4.,T4CR-225S-4,225,37.0,4,B3,400/690,IE4,Gietijzer,11,5,6313 C3,6313 C3,IC411,8501523090,F/B,40,-20,B3-voet-horizontaal,PTC,RAL7024 / RAL7024,IP55,60x140,IEC60034,Boven-A1,0.95,335
4E045.00D4D4.,T4CR-225M-4,225,45.0,4,B5,400/690,IE4,Gietijzer,0,0,6313 C3,6313 C3,IC411,8501529090,F/B,40,-20,B5-flens-horizontaal,PTC,RAL7024 / RAL7024,IP55,60x140,IEC60034,Boven-A1,0.95,370
4E045.00D4F4.,T4CR-225M-4,225,45.0,4,B3,400/690,IE4,Gietijzer,10,4,6313 C3,6313 C3,IC411,8501529090,F/B,40,-20,B3-voet-horizontaal,PTC,RAL7024 / RAL7024,IP55,60x140,IEC60034,Boven-A1,0.95,370
4E055.00D4D4.,T4CR-250M-4,250,55.0,4,B5,400/690,IE4,Gietijzer,0,0,6314 C3,6314 C3,IC411,8501529090,F/B,40,-20,B5-flens-horizontaal,PTC,RAL7024 / RAL7024,IP55,65x140,IEC60034,Boven-A1,0.95,487
4E055.00D4F4.,T4CR-250M-4,250,55.0,4,B3,400/690,IE4,Gietijzer,9,0,6314 C3,6314 C3,IC411,8501529090,F/B,40,-20,B3-voet-horizontaal,PTC,RAL7024 / RAL7024,IP55,65x140,IEC60034,Boven-A1,0.95,487
4E075.00D4D4.,T4CR-280S-4,280,75.0,4,B5,400/690,IE4,Gietijzer,2,0,6316 C3,6316 C3,IC411,8501529090,F/B,40,-20,B5-flens-horizontaal,PTC,RAL7024 / RAL7024,IP55,75x140,IEC60034,Boven-A1,0.95,576
4E075.00D4F4.,T4CR-280S-4,280,75.0,4,B3,400/690,IE4,Gietijzer,11,0,6316 C3,6316 C3,IC411,8501529090,F/B,40,-20,B3-voet-horizontaal,PTC,RAL7024 / RAL7024,IP55,75x140,IEC60034,Boven-A1,0.95,576
4E090.00D4D4.,T4CR-280M-4,280,90.0,4,B5,400/690,IE4,Gietijzer,0,0,6316 C3,6316 C3,IC411,8501538190,F/B,40,-20,B5-flens-horizontaal,PTC,RAL7024 / RAL7024,IP55,75x140,IEC60034,Boven-A1,0.95,671
4E090.00D4F4.,T4CR-280M-4,280,90.0,4,B3,400/690,IE4,Gietijzer,8,0,NU316 C3,6316 C3,IC411,8501538190,F/B,40,-20,B3-voet-horizontaal,PTC,RAL7024 / RAL7024,IP55,75x140,IEC60034,Boven-A1,0.95,671
4E090.00D4K4.,T4CR-280M-4,280,90.0,4,B3,400/690,IE4,Gietijzer,5,0,6316 C3,6316 C3,IC411,8501538190,F/B,40,-20,B3-voet-horizontaal,PTC,RAL7024 / RAL7024,IP55,75x140,IEC60034,Boven-A1,0.95,671
4E110.00D4F4.,T4C-315S-4,315,110.0,4,B3,400/690,IE4,Gietijzer,0,0,NU319 C3,6319 C3,IC411,8501538190,F/B,40,-20,B3-voet-horizontaal,PTC,RAL7024 / RAL7024,IP55,80x170,IEC60034,Boven-A1,0.95,883
4E110.00D4K4.,T4C-315S-4,315,110.0,4,V1,400/690,IE4,Gietijzer,3,0,6319 C3,6319 C3,IC411,8501538190,F/B,40,-20,B3-voet-horizontaal,PTC,RAL7024 / RAL7024,IP55,80x170,IEC60034,Boven-A1,0.95,883
4E110.00D4V4.,T4C-315S-4,315,110.0,4,V1,400/690,IE4,Gietijzer,0,0,6319 C3,7319 C3,IC411,8501538190,F/B,40,-20,V1-flens-verticaal-as naar beneden,PTC,RAL7024 / RAL7024,IP55,80x170,IEC60034,Boven-A1,0.95,883
4E132.00D4F4.,T4C-315M-4,315,132.0,4,B3,400/690,IE4,Gietijzer,1,0,NU319 C3,6319 C3,IC411,8501538190,F/B,40,-20,B3-voet-horizontaal,PTC,RAL7024 / RAL7024,IP55,80x170,IEC60034,Boven-A1,0.95,1260
4E132.00D4K4.,T4C-315M-4,315,132.0,4,B3,400/690,IE4,Gietijzer,2,0,6319 C3,6319 C3,IC411,8501538190,F/B,40,-20,B3-voet-horizontaal,PTC,RAL7024 / RAL7024,IP55,80x170,IEC60034,Boven-A1,0.95,1260
4E132.00D4V4.,T4C-315M-4,315,132.0,4,V1,400/690,IE4,Gietijzer,0,0,6319 C3,7319 C3,IC411,8501538190,F/B,40,-20,V1-flens-verticaal-as naar beneden,PTC,RAL7024 / RAL7024,IP55,80x170,IEC60034,Boven-A1,0.95,1260
4E160.00D4F4.,T4C-315L1-4,315,160.0,4,B3,400/690,IE4,Gietijzer,0,1,NU319 C3,6319 C3,IC411,8501538190,F/B,40,-20,B3-voet-horizontaal,PTC,RAL7024 / RAL7024,IP55,80x170,IEC60034,Boven-A1,0.95,1377
4E160.00D4K4.,T4C-315L1-4,315,160.0,4,B3,400/690,IE4,Gietijzer,3,0,6319 C3,6319 C3,IC411,8501538190,F/B,40,-20,B3-voet-horizontaal,PTC,RAL7024 / RAL7024,IP55,80x170,IEC60034,Boven-A1,0.95,1113
4E160.00D4V4.,T4C-315L1-4,315,160.0,4,V1,400/690,IE4,Gietijzer,0,0,6319 C3,7319 C3,IC411,8501538190,F/B,40,-20,V1-flens-verticaal-as naar beneden,PTC,RAL7024 / RAL7024,IP55,80x170,IEC60034,Boven-A1,0.95,1377
4E200.00D4F4.,T4C-315L2-4,315,200.0,4,B3,400/690,IE4,Gietijzer,0,0,NU319 C3,6319 C3,IC411,8501538190,F/B,40,-20,B3-voet-horizontaal,PTC,RAL7024 / RAL7024,IP55,80x170,IEC60034,Boven-A1,0.95,1558
4E200.00D4K4.,T4C-315L2-4,315,200.0,4,B3,400/690,IE4,Gietijzer,2,0,6319 C3,6319 C3,IC411,8501538190,F/B,40,-20,B3-voet-horizontaal,PTC,RAL7024 / RAL7024,IP55,80x170,IEC60034,Boven-A1,0.95,1558
4E200.00D4V4.,T4C-315L2-4,315,200.0,4,V1,400/690,IE4,Gietijzer,0,0,6319 C3,7319 C3,IC411,8501538190,F/B,40,-20,V1-flens-verticaal-as naar beneden,PTC,RAL7024 / RAL7024,IP55,80x170,IEC60034,Boven-A1,0.95,1558
4E250.00D4F4.,T4C-355M2-4,355,250.0,4,B3,400/690,IE4,Gietijzer,0,0,NU322 C3,6322 C3,IC411,8501538190,F/B,40,-20,B3-voet-horizontaal,PTC,RAL7024 / RAL7024,IP55,100x210,IEC60034,Boven-A1,0.95,1740
4E250.00D4K4.,T4C-355M2-4,355,250.0,4,B3,400/690,IE4,Gietijzer,1,0,6322 C3,6322 C3,IC411,8501538190,F/B,40,-20,B3-voet-horizontaal,PTC,RAL7024 / RAL7024,IP55,100x210,IEC60034,Boven-A1,0.95,1740
4E250.00D4V4.,T4C-355M2-4,355,250.0,4,V1,400/690,IE4,Gietijzer,0,0,6322 C3,7322 C3,IC411,8501538190,F/B,40,-20,V1-flens-verticaal-as naar beneden,PTC,RAL7024 / RAL7024,IP55,100x210,IEC60034,Boven-A1,0.95,1740
4E315.00D4F4.,T4C-355L2-4,355,315.0,4,B3,400/690,IE4,Gietijzer,0,0,NU322 C3,6322 C3,IC411,8501538190,F/B,40,-20,B3-voet-horizontaal,PTC,RAL7024 / RAL7024,IP55,100x210,IEC60034,Boven-A1,0.95,1933
4E315.00D4K4.,T4C-355L2-4,355,315.0,4,B3,400/690,IE4,Gietijzer,1,0,6322 C3,6322 C3,IC411,8501538190,F/B,40,-20,B3-voet-horizontaal,PTC,RAL7024 / RAL7024,IP55,100x210,IEC60034,Boven-A1,0.95,1933
4E355.00D4F4.,T4C-355L2-4,355,355.0,4,B3,400/690,IE4,Gietijzer,0,0,,,,,,,,,,,,,,,,
4M000.75D4D2.,JE4-802-4,80,0.75,4,B5,230/400,IE4,Aluminium,0,0,6204 2RS C3,6204 2RS C3,IC411,8501510090,F/B,40,-20,B5-flens-horizontaal,PTC,RAL7024 / RAL9005,IP55,19x40,IEC60034,Boven-A1,0.95,13
4M000.75D4F2.,JE4-802-4,80,0.75,4,B3,230/400,IE4,Aluminium,0,0,6204 2RS C3,6204 2RS C3,IC411,8501510090,F/B,40,-20,B3-voet-horizontaal,PTC,RAL7024 / RAL9005,IP55,19x40,IEC60034,Boven-A1,0.95,13
4M001.10D4D2.,JE4-90S4,90,1.1,4,B5,230/400,IE4,Aluminium,0,0,6205 2RS C3,6205 2RS C3,IC411,8501522089,F/B,40,-20,B5-flens-horizontaal,PTC,RAL7024 / RAL9005,IP55,24x50,IEC60034,Boven-A1,0.95,17.5
4M001.10D4F2.,JE4-90S4,90,1.1,4,B3,230/400,IE4,Aluminium,2,0,6205 2RS C3,6205 2RS C3,IC411,8501522089,F/B,40,-20,B3-voet-horizontaal,PTC,RAL7024 / RAL9005,IP55,24x50,IEC60034,Boven-A1,0.95,17.5
4M001.50D4D2.,JE4-90L4,90,1.5,4,B5,230/400,IE4,Aluminium,0,0,6205 2RS C3,6205 2RS C3,IC411,8501522089,F/B,40,-20,B5-flens-horizontaal,PTC,RAL7024 / RAL9005,IP55,24x50,IEC60034,Boven-A1,0.95,20
4M001.50D4F2.,JE4-90L4,90,1.5,4,B3,230/400,IE4,Aluminium,0,0,6205 2RS C3,6205 2RS C3,IC411,8501522089,F/B,40,-20,B3-voet-horizontaal,PTC,RAL7024 / RAL9005,IP55,24x50,IEC60034,Boven-A1,0.95,20
4M002.20D4D2.,JE4-100L1-4,100,2.2,4,B5,230/400,IE4,Aluminium,0,0,6206 2RS C3,6206 2RS C3,IC411,8501522089,F/B,40,-20,B5-flens-horizontaal,PTC,RAL7024 / RAL9005,IP55,28x60,IEC60034,Boven-A1,0.95,26.5
4M002.20D4D4.,JE4-100L1-4,100,2.2,4,B5,400/690,IE4,Aluminium,0,0,6206 2RS C3,6206 2RS C3,IC411,8501522089,F/B,40,-20,B5-flens-horizontaal,PTC,RAL7024 / RAL9005,IP55,28x60,IEC60034,Boven-A1,0.95,26.5
4M002.20D4F2.,JE4-100L1-4,100,2.2,4,B3,230/400,IE4,Aluminium,0,0,6206 2RS C3,6206 2RS C3,IC411,8501522089,F/B,40,-20,B3-voet-horizontaal,PTC,RAL7024 / RAL9005,IP55,28x60,IEC60034,Boven-A1,0.95,26.5
4M002.20D4F4.,JE4-100L1-4,100,2.2,4,B3,400/690,IE4,Aluminium,0,0,6206 2RS C3,6206 2RS C3,IC411,8501522089,F/B,40,-20,B3-voet-horizontaal,PTC,RAL7024 / RAL9005,IP55,28x60,IEC60034,Boven-A1,0.95,26.5
4M003.00D4D2.,JE4-100L2-4,100,3.0,4,B5,230/400,IE4,Aluminium,0,0,6206 2RS C3,6206 2RS C3,IC411,8501522089,F/B,40,-20,B5-flens-horizontaal,PTC,RAL7024 / RAL9005,IP55,28x60,IEC60034,Boven-A1,0.95,33
4M003.00D4D4.,JE4-100L2-4,100,3.0,4,B5,400/690,IE4,Aluminium,0,0,6206 2RS C3,6206 2RS C3,IC411,8501522089,F/B,40,-20,B5-flens-horizontaal,PTC,RAL7024 / RAL9005,IP55,28x60,IEC60034,Boven-A1,0.95,33
4M003.00D4F2.,JE4-100L2-4,100,3.0,4,B3,230/400,IE4,Aluminium,0,0,6206 2RS C3,6206 2RS C3,IC411,8501522089,F/B,40,-20,B3-voet-horizontaal,PTC,RAL7024 / RAL9005,IP55,28x60,IEC60034,Boven-A1,0.95,33
4M003.00D4F4.,JE4-100L2-4,100,3.0,4,B3,400/690,IE4,Aluminium,0,0,6206 2RS C3,6206 2RS C3,IC411,8501522089,F/B,40,-20,B3-voet-horizontaal,PTC,RAL7024 / RAL9005,IP55,28x60,IEC60034,Boven-A1,0.95,33
4M004.00D4D2.,JE4-112M4,112,4.0,4,B3,230/400,IE4,Aluminium,0,0,6306 2RS C3,6306 2RS C3,IC411,8501522089,F/B,40,-20,B5-flens-horizontaal,PTC,RAL7024 / RAL9005,IP55,28x60,IEC60034,Boven-A1,0.95,39
4M004.00D4D4.,JE4-112M4,112,4.0,4,B3,400/690,IE4,Aluminium,0,0,6306 2RS C3,6306 2RS C3,IC411,8501522089,F/B,40,-20,B5-flens-horizontaal,PTC,RAL7024 / RAL9005,IP55,28x60,IEC60034,Boven-A1,0.95,39
4M004.00D4F2.,JE4-112M4,112,4.0,4,B3,230/400,IE4,Aluminium,0,0,6306 2RS C3,6306 2RS C3,IC411,8501522089,F/B,40,-20,B3-voet-horizontaal,PTC,RAL7024 / RAL9005,IP55,28x60,IEC60034,Boven-A1,0.95,39
4M004.00D4F4.,JE4-112M4,112,4.0,4,B3,400/690,IE4,Aluminium,0,0,6306 2RS C3,6306 2RS C3,IC411,8501522089,F/B,40,-20,B3-voet-horizontaal,PTC,RAL7024 / RAL9005,IP55,28x60,IEC60034,Boven-A1,0.95,39
4M005.50D4D2.,JE4-132S4,132,5.5,4,B5,230/400,IE4,Aluminium,0,0,6308 2RS C3,6308 2RS C3,IC411,8501522089,F/B,40,-20,B5-flens-horizontaal,PTC,RAL7024 / RAL9005,IP55,38x80,IEC60034,Boven-A1,0.95,56
4M005.50D4D4.,JE4-132S4,132,5.5,4,B3,400/690,IE4,Aluminium,0,0,6308 2RS C3,6308 2RS C3,IC411,8501522089,F/B,40,-20,B5-flens-horizontaal,PTC,RAL7024 / RAL9005,IP55,38x80,IEC60034,Boven-A1,0.95,56
4M005.50D4F2.,JE4-132S4,132,5.5,4,B3,230/400,IE4,Aluminium,0,0,6308 2RS C3,6308 2RS C3,IC411,8501522089,F/B,40,-20,B3-voet-horizontaal,PTC,RAL7024 / RAL9005,IP55,38x80,IEC60034,Boven-A1,0.95,56
4M005.50D4F4.,JE4-132S4,132,5.5,4,B3,400/690,IE4,Aluminium,0,0,6308 2RS C3,6308 2RS C3,IC411,8501522089,F/B,40,-20,B3-voet-horizontaal,PTC,RAL7024 / RAL9005,IP55,38x80,IEC60034,Boven-A1,0.95,56
4M007.50D4D2.,JE4-132M4,132,7.5,4,B5,230/400,IE4,Aluminium,0,0,6308 2RS C3,6308 2RS C3,IC411,8501522089,F/B,40,-20,B5-flens-horizontaal,PTC,RAL7024 / RAL9005,IP55,38x80,IEC60034,Boven-A1,0.95,63
4M007.50D4D4.,JE4-132M4,132,7.5,4,B5,400/690,IE4,Aluminium,0,0,6308 2RS C3,6308 2RS C3,IC411,8501522089,F/B,40,-20,B5-flens-horizontaal,PTC,RAL7024 / RAL9005,IP55,38x80,IEC60034,Boven-A1,0.95,63
4M007.50D4F2.,JE4-132M4,132,7.5,4,B3,230/400,IE4,Aluminium,0,0,6308 2RS C3,6308 2RS C3,IC411,8501522089,F/B,40,-20,B3-voet-horizontaal,PTC,RAL7024 / RAL9005,IP55,38x80,IEC60034,Boven-A1,0.95,63
4M007.50D4F4.,JE4-132M4,132,7.5,4,B3,400/690,IE4,Aluminium,0,0,6308 2RS C3,6308 2RS C3,IC411,8501522089,F/B,40,-20,B3-voet-horizontaal,PTC,RAL7024 / RAL9005,IP55,38x80,IEC60034,Boven-A1,0.95,63
4S011.00D4F4.,YE4-160M-4,160,11.0,4,B3,400/690,IE4,Gietijzer,0,0,6309 2RS C3,6309 2RS C3,IC411,8501523090,F/B,40,-20,B3-voet-horizontaal,PTC,RAL7024 / RAL7024,IP55,42x110,IEC60034,Boven-A1,0.95,146
4S011.00D4F4L.,YE4-160M-4,160,11.0,4,B3,400/690,IE4,Gietijzer,2,0,6309 2RS C3,6309 2RS C3,IC411,8501523090,F/B,40,-20,B3-voet-horizontaal,PTC,RAL7024 / RAL7024,IP55,42x110,IEC60034,Links-D4,0.95,146
4S011.00D4F4R.,YE4-160M-4,160,11.0,4,B3,400/690,IE4,Gietijzer,3,0,6309 2RS C3,6309 2RS C3,IC411,8501523090,F/B,40,-20,B3-voet-horizontaal,PTC,RAL7024 / RAL7024,IP55,42x110,IEC60034,Rechts-B1,0.95,146
4S015.00D4F4.,YE4-160L-4,160,15.0,4,B3,400/690,IE4,Gietijzer,0,0,6309 2RS C3,6309 2RS C3,IC411,8501523090,F/B,40,-20,B3-voet-horizontaal,PTC,RAL7024 / RAL7024,IP55,42x110,IEC60034,Boven-A1,0.95,170
4S022.00D4F4.,YE4-180L-4,180,22.0,4,B3,400/690,IE4,Gietijzer,1,0,6311 2RS C3,6311 2RS C3,IC411,8501523090,F/B,40,-20,B3-voet-horizontaal,PTC,RAL7024 / RAL7024,IP55,48x110,IEC60034,Boven-A1,0.95,227
4S030.00D4F4.,YE4-200L-4,200,30.0,4,B3,400/690,IE4,Gietijzer,0,0,6312 2RS C3,6312 2RS C3,IC411,8501523090,F/B,40,-20,B3-voet-horizontaal,PTC,RAL7024 / RAL7024,IP55,55x110,IEC60034,Boven-A1,0.95,297
4S037.00D4F4.,YE4-225S-4,225,37.0,4,B3,400/690,IE4,Gietijzer,5,0,6313 C3,6313 C3,IC411,8501523090,F/B,40,-20,B3-voet-horizontaal,PTC,RAL7024 / RAL7024,IP55,60x140,IEC60034,Boven-A1,0.95,361
4S037.00D4F4L.,YE4-225S-4,225,37.0,4,B3,400/690,IE4,Gietijzer,1,0,6313 C3,6313 C3,IC411,8501523090,F/B,40,-20,B3-voet-horizontaal,PTC,RAL7024 / RAL7024,IP55,60x140,IEC60034,Links-D4,0.95,361
4S037.00D4F4R.,YE4-225S-4,225,37.0,4,B3,400/690,IE4,Gietijzer,1,0,6313 C3,6313 C3,IC411,8501523090,F/B,40,-20,B3-voet-horizontaal,PTC,RAL7024 / RAL7024,IP55,60x140,IEC60034,Rechts-B1,0.95,361
4S045.00D4F4L.,YE4-225M-4,225,45.0,4,B3,400/690,IE4,Gietijzer,1,0,6313 C3,6313 C3,IC411,8501529090,F/B,40,-20,B3-voet-horizontaal,PTC,RAL7024 / RAL7024,IP55,60x140,IEC60034,Links-D4,0.95,391
4S045.00D4F4R.,YE4-225M-4,225,45.0,4,B3,400/690,IE4,Gietijzer,4,0,6313 C3,6313 C3,IC411,8501529090,F/B,40,-20,B3-voet-horizontaal,PTC,RAL7024 / RAL7024,IP55,60x140,IEC60034,Rechts-B1,0.95,391
4S055.00D4F4.,YE4-250M-4,250,55.0,4,B3,400/690,IE4,Gietijzer,3,0,6314 C3,6314 C3,IC411,8501529090,F/B,40,-20,B3-voet-horizontaal,PTC,RAL7024 / RAL7024,IP55,65x140,IEC60034,Boven-A1,0.95,482
4S055.00D4F4R.,YE4-250M-4,250,55.0,4,B3,400/690,IE4,Gietijzer,2,0,6314 C3,6314 C3,IC411,8501529090,F/B,40,-20,B3-voet-horizontaal,PTC,RAL7024 / RAL7024,IP55,65x140,IEC60034,Rechts-B1,0.95,482
4S075.00D4F4.,YE4-280S-4,280,75.0,4,B3,400/690,IE4,Gietijzer,0,0,6317 C3,6317 C3,IC411,8501529090,F/B,40,-20,B3-voet-horizontaal,PTC,RAL7024 / RAL7024,IP55,75x140,IEC60034,Boven-A1,0.95,656
4S075.00D4F4R.,YE4-280S-4,280,75.0,4,B3,400/690,IE4,Gietijzer,0,0,6317 C3,6317 C3,IC411,8501529090,F/B,40,-20,B3-voet-horizontaal,PTC,RAL7024 / RAL7024,IP55,75x140,IEC60034,Rechts-B1,0.95,656
4S090.00D4K4.,YE4-280M-4,280,90.0,4,B3,400/690,IE4,Gietijzer,1,0,6317 C3,6317 C3,IC411,8501538190,F/B,40,-20,B3-voet-horizontaal,PTC,RAL7024 / RAL7024,IP55,75x140,IEC60034,Boven-A1,0.95,693
4S110.00D4F4.,YE4-315S4,315,110.0,4,B3,400/690,IE4,Gietijzer,0,0,NU319 C3,6319 C3,IC411,8501538190,F/B,40,-20,B3-voet-horizontaal,PTC,RAL7024 / RAL7024,IP55,80x170,IEC60034,Boven-A1,0.95,983
4S110.00D4K4.,YE4-315S4,315,110.0,4,B3,400/690,IE4,Gietijzer,0,0,6319 C3,6319 C3,IC411,8501538190,F/B,40,-20,B3-voet-horizontaal,PTC,RAL7024 / RAL7024,IP55,80x170,IEC60034,Boven-A1,0.95,983
4S160.00D4F4.,YE3-315L1-4,315,160.0,4,B3,400/690,IE4,Gietijzer,0,0,NU319 C3,6319 C3,IC411,8501538190,F/B,40,-20,B3-voet-horizontaal,PTC,RAL7024 / RAL7024,IP55,80x170,IEC60034,Boven-A1,0.95,1234
4S160.00D4K4.,YE3-315L1-4,315,160.0,4,B3,400/690,IE4,Gietijzer,0,0,6319 C3,6319 C3,IC411,8501538190,F/B,40,-20,B3-voet-horizontaal,PTC,RAL7024 / RAL7024,IP55,80x170,IEC60034,Boven-A1,0.95,1234
4S200.00D4K4.,YE4-315L3-4,315,200.0,4,B3,400/690,IE4,Gietijzer,0,0,6319 C3,6319 C3,IC411,8501538190,F/B,40,-20,B3-voet-horizontaal,PTC,RAL7024 / RAL7024,IP55,80x170,IEC60034,Boven-A1,0.95,1354
4S315.00D4K4.,YE4-355L2-4,355,315.0,4,B3,400/690,IE4,Gietijzer,0,0,6322 C3,6322 C3,IC411,8501538190,F/B,40,-20,B3-voet-horizontaal,PTC,RAL7024 / RAL7024,IP55,100x210,IEC60034,Boven-A1,0.95,2140
SM000.18D4F2.,ML632-4,63,0.18,4,B3,230/400,IE2 1 phase,Aluminium,6,0,6201 2RS C3,6201 2RS C3,IC411,8501510090,F/B,40,-20,B3-voet-horizontaal,B3 - KK4,RAL5010,IP55,11x23,IEC60034,Boven-A1,95,5
SM000.25D4F2.,ML711-4,71,0.25,4,B3,230/400,IE2 1 phase,Aluminium,0,0,6202 2RS C3,6202 2RS C3,IC411,8501510090,F/B,40,-20,B3-voet-horizontaal,,RAL5010,IP55,14x30,IEC60034,Boven-A1,95,0
SM000.37D4F2.,ML712-4,71,0.37,4,B3,230/400,IE2 1 phase,Aluminium,0,0,6202 2RS C3,6202 2RS C3,IC411,8501510090,F/B,40,-20,B3-voet-horizontaal,B3 - KK4,RAL5010,IP55,14x30,IEC60034,Boven-A1,95,7
SM000.55D4F2.,ML801-4,80,0.55,4,B3,230/400,IE2 1 phase,Aluminium,0,0,6204 2RS C3,6204 2RS C3,IC411,8501510090,F/B,40,-20,B3-voet-horizontaal,B3 - KK4,RAL5010,IP55,19x40,IEC60034,Boven-A1,95,0
SM000.75D4F2.,ML802-4,80,0.75,4,B3,230/400,IE2 1 phase,Aluminium,1,0,6204 2RS C3,6204 2RS C3,IC411,8501510090,F/B,40,-20,B3-voet-horizontaal,B3 - KK4,RAL5010,IP55,19x40,IEC60034,Boven-A1,95,0
SM001.10D4F2.,ML90S4,90,1.1,4,B3,230/400,IE2 1 phase,Aluminium,9,0,6205 2RS C3,6205 2RS C3,IC411,8501522089,F/B,40,-20,B3-voet-horizontaal,B3 - KK4,RAL5010,IP55,24x50,IEC60034,Boven-A1,95,14
SM001.50D4F2.,ML90L4,90,2.2,4,B3,230/400,IE2 1 phase,Aluminium,0,0,6205 2RS C3,6205 2RS C3,IC411,8501522089,F/B,40,-20,B3-voet-horizontaal,B3 - KK4,RAL5010,IP55,24x50,IEC60034,Boven-A1,95,17
SM002.20D4F2.,ML100L1-4,100,3.0,4,B3,230/400,IE2 1 phase,Aluminium,13,0,6206 2RS C3,6206 2RS C3,IC411,8501522089,F/B,40,-20,B3-voet-horizontaal,B3 - KK4,RAL5010,IP55,28x60,IEC60034,Boven-A1,95,0
SM003.00D4F2.,ML100L2-4,100,3.0,4,B3,230/400,IE2 1 phase,Aluminium,3,0,6206 2RS C3,6206 2RS C3,IC411,8501522089,F/B,40,-20,B3-voet-horizontaal,B3 - KK4,RAL5010,IP55,28x60,IEC60034,Boven-A1,95,27.3
XM000.25D4F2.,MS633-4,63,0.25,4,B3,230/400,IE1,Aluminium,59,0,6201 2RS C3,6201 2RS C3,IC411,8501510090,F/B,40,-20,B3-voet-horizontaal,,RAL5010 / RAL9005,IP55,11x23,IEC60034,Boven-A1,0.95,5
XM000.55D4F2.,MS713-4,71,0.55,4,B3,230/400,IE1,Aluminium,28,0,6202 2RS C3,6202 2RS C3,IC411,8501510090,F/B,40,-20,B3-voet-horizontaal,,RAL5010 / RAL9005,IP55,14x30,IEC60034,Boven-A1,0.95,6.9
XM001.10D4F2.,EMS803-4,80,1.1,4,B3,230/400,IE2,Aluminium,10,48,6204 2RS C3,6204 2RS C3,IC411,8501522089,F/B,40,-20,B3-voet-horizontaal,,RAL5014 / RAL9005,IP55,19x40,IEC60034,Boven-A1,0.95,13
XM002.20D4F2.,EMS90L2-4,90,2.2,4,B3,230/400,IE2,Aluminium,62,0,6205 2RS C3,6204 2RS C3,IC411,8501522089,F/B,40,-20,B3-voet-horizontaal,,RAL5014 / RAL9005,IP55,24x50,IEC60034,Boven-A1,0.95,22
XM002.20D4F4.,EMS90L2-4,90,2.2,4,B3,400/690,IE2,Aluminium,13,0,6205 2RS C3,6205 2RS C3,IC411,8501522089,F/B,40,-20,B3-voet-horizontaal,,RAL5014 / RAL9005,IP55,24x50,IEC60034,Boven-A1,0.95,22
XM004.00D4F2.,EMS100L3-4,100,4.0,4,B3,230/400,IE2,Aluminium,16,18,6206 2RS C3,6206 2RS C3,IC411,8501522089,F/B,40,-20,B3-voet-horizontaal,,RAL5014 / RAL9005,IP55,28x60,IEC60034,Boven-A1,0.95,28
XM004.00D4F4.,EMS100L3-4,100,4.0,4,B3,400/690,IE2,Aluminium,27,0,6206 2RS C3,6206 2RS C3,IC411,8501522089,F/B,40,-20,B3-voet-horizontaal,,RAL5014 / RAL9005,IP55,28x60,IEC60034,Boven-A1,0.95,28
XM005.50D4F2.,EMS112M2-4,112,5.5,4,B3,230/400,IE2,Aluminium,55,0,6306 2RS C3,6306 2RS C3,IC411,8501522089,F/B,40,-20,B3-voet-horizontaal,,RAL5014 / RAL9005,IP55,28x60,IEC60034,Boven-A1,0.95,39
XM005.50D4F4.,EMS112M2-4,112,5.5,4,B3,400/690,IE2,Aluminium,60,18,6306 2RS C3,6306 2RS C3,IC411,8501522089,F/B,40,-20,B3-voet-horizontaal,,RAL5014 / RAL9005,IP55,28x60,IEC60034,Boven-A1,0.95,39
XM011.00D4F4.,EMS132L2-4,132,11.0,4,B3,400/690,IE2,Aluminium,27,24,6308 2RS C3,6308 2RS C3,IC411,8501523090,F/B,40,-20,B3-voet-horizontaal,,RAL5014 / RAL9005,IP55,38x80,IEC60034,Boven-A1,0.95,61
XM018.50D4F4.,EMS160L2-4,160,18.5,4,B3,400/690,IE2,Aluminium,0,0,6309 2RS C3,6309 2RS C3,IC411,8501523090,F/B,40,-20,B3-voet-horizontaal,PTC,RAL5014 / RAL9005,IP55,42x110,IEC60034,Boven-A1,0.95,111
GM090L464.,MSG90L4-6,90,1.1/0.37,4/6,B3,400,2 Speed,Aluminium,7,0,6205 2RS C3,6205 2RS C3,IC411,8501522089,F/B,40,-20,B3-voet-horizontaal,,RAL5010 / RAL5010,IP55,24x50,IEC60034,Boven-A1,0.95,14
GM100L464.,MSG-100L-4/6,100,2.2/0.75,4/6,B3,400,2 Speed,Aluminium,0,0,6206 2RS C3,6206 2RS C3,IC411,8501522089,F/B,40,-20,B3-voet-horizontaal,B3 - KKB,RAL5010,IP55,28x60,IEC60034,Boven-A1,0,29
GM112M464.,MSG112M4/6,112,3.0/0.1,4/6,B3,400,2 Speed,Aluminium,9,0,6306 2RS C3,6306 2RS C3,IC411,8501522089,F/B,40,-20,B3-voet-horizontaal,B3 - KKB,RAL5010,IP55,28x60,IEC60034,Boven-A1,0,33
GM132M464.,MSG132M4/6,132,5.5/1.6,4/6,B3,400,2 Speed,Aluminium,0,6,6308 2RS C3,6308 2RS C3,IC411,8501522089,F/B,40,-20,B3-voet-horizontaal,B3 - KKB,RAL5010,IP55,38x80,IEC60034,Boven-A1,0.95,70
GM132MA464.,MSG-132M1-4/6,132,7.5/2.2,4/6,B3,400,2 Speed,Aluminium,0,0,6308 2RS C3,6308 2RS C3,IC411,8501522089,F/B,40,-20,B3-voet-horizontaal,B3 - KKB,RAL5010,IP55,38x80,IEC60034,Boven-A1,0,56
TG160L464.,TCG-160L-4/6,160,10.0/3.3,4/6,B3,400,2 Speed,Gietijzer,3,0,6309 2RS C3,6309 2RS C3,IC411,8501523090,F/B,40,-20,B3-voet-horizontaal,,RAL5010,IP55,42x110,IEC60034,Boven-A1,0,153
TG160M464.,TCG-160M-4/6,160,14.0/4.5,4/6,B3,400,2 Speed,Gietijzer,3,0,6309 2RS C3,6309 2RS C3,IC411,8501523090,F/B,40,-20,B3-voet-horizontaal,,RAL5010,IP55,42x110,IEC60034,Boven-A1,0,125
TG180M464.,YD-180L4-6,180,16.0/6.5,4/6,B3,400,2 Speed,Gietijzer,6,0,,,,,,,,,,,,,,,,
DM080A484.,MSD801-4/8,80,0.55/0.09,4/8,B3,400,2 Speed,Aluminium,15,0,6204 2RS C3,6204 2RS C3,IC411,8501510090,F/B,40,-20,B3-voet-horizontaal,B3 - KKB,RAL5010,IP55,19x40,IEC60034,Boven-A1,0,0
DM080B484.,MSD802-4/8,80,0.75/0.19,4/8,B3,400,2 Speed,Aluminium,23,0,6204 2RS C3,6204 2RS C3,IC411,8501510090,F/B,40,-20,B3-voet-horizontaal,B3 - KKB,RAL5010,IP55,19x40,IEC60034,Boven-A1,0,13
DM090L484.,MSD90L4/8,90,1.1/0.18,4/8,B3,400,2 Speed,Aluminium,27,0,6205 2RS C3,6204 2RS C3,IC411,8501522089,F/B,40,-20,B3-voet-horizontaal,B3 - KKB,RAL5010,IP55,24x50,IEC60034,Boven-A1,0,18
DM090S484.,MSD90S4/8,90,1.5/0.25,4/8,B3,400,2 Speed,Aluminium,39,0,6205 2RS C3,6204 2RS C3,IC411,8501522089,F/B,40,-20,B3-voet-horizontaal,B3 - KKB,RAL5010,IP55,24x50,IEC60034,Boven-A1,0,17
DM100LA484.,MSD100L1-4/8,100,2.2/0.37,4/8,B3,400,2 Speed,Aluminium,23,0,6206 2RS C3,6206 2RS C3,IC411,8501522089,F/B,40,-20,B3-voet-horizontaal,B3 - KKB,RAL5010,IP55,28x60,IEC60034,Boven-A1,0,24
DM100LB484.,MSD100L2-4/8,100,3.0/0.55,4/8,B3,400,2 Speed,Aluminium,44,0,6206 2RS C3,6206 2RS C3,IC411,8501522089,F/B,40,-20,B3-voet-horizontaal,B3 - KKB,RAL5010,IP55,28x60,IEC60034,Boven-A1,0,27
DM112M484.,MSD112M4/8,112,4.0/0.75,4/8,B3,400,2 Speed,Aluminium,54,0,6306 2RS C3,6306 2RS C3,IC411,8501522089,F/B,40,-20,B3-voet-horizontaal,B3 - KKB,RAL5010,IP55,28x60,IEC60034,Boven-A1,0,34
DM132M484.,MSD132M4/8,132,2.2/1.5,4/8,B3,400,2 Speed,Aluminium,13,0,6308 2RS C3,6308 2RS C3,IC411,8501522089,F/B,40,-20,B3-voet-horizontaal,B3 - KKB,RAL5010,IP55,38x80,IEC60034,Boven-A1,0,59
DM132S484.,MSD132S4/8,132,5.5/1.1,4/8,B3,400,2 Speed,Aluminium,35,0,6308 2RS C3,6308 2RS C3,IC411,8501522089,F/B,40,-20,B3-voet-horizontaal,B3 - KKB,RAL5010,IP55,38x80,IEC60034,Boven-A1,0,56.8
SD160L484L.,YD-160L-4/8,160,15.0/3.8,4/8,B3,400,2 Speed,Gietijzer,1,0,6309 2RS C3,6309 2RS C3,IC411,8501523090,F/B,40,-20,B3-voet-horizontaal,B3 - KKL,RAL5010,IP55,42x110,IEC60034,Links-D4,0,134
SD160M484L.,YD-160M-4/8,160,11.0/2.8,4/8,B3,400,2 Speed,Gietijzer,3,0,6309 2RS C3,6309 2RS C3,IC411,8501523090,F/B,40,-20,B3-voet-horizontaal,,RAL5010,IP55,42x110,IEC60034,Links-D4,95,130
SD160M484R.,YD-160M-4/8,160,11.0/2.8,4/8,B3,400,2 Speed,Gietijzer,1,0,6309 2RS C3,6309 2RS C3,IC411,8501523090,F/B,40,-20,B3-voet-horizontaal,,RAL5010,IP55,42x110,IEC60034,Rechts-B1,95,130
SD180L484.,YD-180L-4/8,180,22.0/5.5,4/8,B3,400,2 Speed,Gietijzer,5,0,6311 2RS C3,6311 2RS C3,IC411,8501523090,F/B,40,-20,B3-voet-horizontaal,,RAL5010,IP55,48x110,IEC60034,Boven-A1,95,182
SD180L484L.,YD-180L-4/8,180,22.0/5.5,4/8,B3,400,2 Speed,Gietijzer,3,0,6311 2RS C3,6311 2RS C3,IC411,8501523090,F/B,40,-20,B3-voet-horizontaal,,RAL5010,IP55,48x110,IEC60034,Links-D4,95,210
SD180L484R.,YD-180L-4/8,180,22.0/5.5,4/8,B3,400,2 Speed,Gietijzer,3,0,6311 2RS C3,6311 2RS C3,IC411,8501523090,F/B,40,-20,B3-voet-horizontaal,,RAL5010,IP55,48x110,IEC60034,Rechts-B1,95,210
SD180M484.,YD-180M-4/8,180,18.5/4.5,4/8,B3,400,2 Speed,Gietijzer,0,0,6311 2RS C3,6311 2RS C3,IC411,8501523090,F/B,40,-20,B3-voet-horizontaal,B3 - KKB,RAL5010,IP55,48x110,IEC60034,Boven-A1,0,195
SD180M484L.,YD-180M-4/8,180,18.5/4.5,4/8,B3,400,2 Speed,Gietijzer,2,0,6311 2RS C3,6311 2RS C3,IC411,8501523090,F/B,40,-20,B3-voet-horizontaal,B3 - KKL,RAL5010,IP55,48x110,IEC60034,Links-D4,0,195
SD180M484R.,YD-180M-4/8,180,18.5/4.5,4/8,B3,400,2 Speed,Gietijzer,1,0,6311 2RS C3,6311 2RS C3,IC411,8501523090,F/B,40,-20,B3-voet-horizontaal,B3 - KKR,RAL5010,IP55,48x110,IEC60034,Rechts-B1,0,195
SD200L484.,YD-200L-4/8,200,30.0/7.5,4/8,B3,400,2 Speed,Gietijzer,0,0,6312 2RS C3,6312 2RS C3,IC411,8501523090,F/B,40,-20,B3-voet-horizontaal,B3 - KKB,RAL5010,IP55,55x110,IEC60034,Boven-A1,0,0
SD200L484R.,YD-200L-4/8,200,30.0/7.5,4/8,B3,400,2 Speed,Gietijzer,0,0,6312 2RS C3,6312 2RS C3,IC411,8501523090,F/B,40,-20,B3-voet-horizontaal,B3 - KKR,RAL5010,IP55,55x110,IEC60034,Rechts-B1,0,0
SD225M484.,YD-225M-4/8,225,45.0/11.0,4/8,B3,400,2 Speed,Gietijzer,3,0,6313 C3,6313 C3,IC411,8501529090,F/B,40,-20,B3-voet-horizontaal,B3 - KKB,RAL5010,IP55,60x140,IEC60034,Boven-A1,0,0
SD225S484.,YD-225S-4/8,225,37.0/9.0,4/8,B3,400,2 Speed,Gietijzer,0,0,6313 C3,6313 C3,IC411,8501523090,F/B,40,-20,B3-voet-horizontaal,B3 - KKB,RAL5010,IP55,60x140,IEC60034,Boven-A1,0,335
SD250M484.,YD-250M-4/8,250,55.0/14.0,4/8,B3,400,2 Speed,Gietijzer,0,0,6314 C3,6314 C3,IC411,8501529090,F/B,40,-20,B3-voet-horizontaal,,RAL5010,IP55,65x140,IEC60034,Boven-A1,95,0
TD160L484.,TCD-160L-4/8,160,15.0/3.8,4/8,B3,400,2 Speed,Gietijzer,25,6,6309 2RS C3,6309 2RS C3,IC411,8501523090,F/B,40,-20,B3-voet-horizontaal,B3 - KKB,RAL5010,IP55,42x110,IEC60034,Boven-A1,0.95,154
TD160M484.,TCD-160M-4/8,160,11.0/2.8,4/8,B3,400,2 Speed,Gietijzer,16,12,6309 2RS C3,6309 2RS C3,IC411,8501523090,F/B,40,-20,B3-voet-horizontaal,B3 - KKB,RAL5010,IP55,42x110,IEC60034,Boven-A1,0,130
TD180L484.,TCD-180L-4/8,180,22.0/5.5,4/8,B3,400,2 Speed,Gietijzer,9,4,6311 2RS C3,6311 2RS C3,IC411,8501523090,F/B,40,-20,B3-voet-horizontaal,B3 - KKB,RAL5010,IP55,48x110,IEC60034,Boven-A1,0,198
TD180M484.,TCD-180M-4/8,180,18.5/4.5,4/8,B3,400,2 Speed,Gietijzer,16,0,6311 2RS C3,6311 2RS C3,IC411,8501523090,F/B,40,-20,B3-voet-horizontaal,B3 - KKB,RAL5010,IP55,48x110,IEC60034,Boven-A1,0,178
TD200L484.,TCD-200L-4/8,200,30.0/7.5,4/8,B3,400,2 Speed,Gietijzer,21,5,6312 2RS C3,6312 2RS C3,IC411,8501523090,F/B,40,-20,B3-voet-horizontaal,B3 - KKB,RAL5010,IP55,55x110,IEC60034,Boven-A1,0,258
TD225M484.,TCD-225M-4/8,225,45.0/11.0,4/8,B3,400,2 Speed,Gietijzer,10,0,6313 C3,6313 C3,IC411,8501529090,F/B,40,-20,B3-voet-horizontaal,,RAL5010,IP55,60x140,IEC60034,Boven-A1,0.95,0
TD225S484.,TCD-225S-4/8,225,37.0/9.0,4/8,B3,400,2 Speed,Gietijzer,8,0,6313 C3,6313 C3,IC411,8501523090,F/B,40,-20,B3-voet-horizontaal,,RAL5010,IP55,60x140,IEC60034,Boven-A1,0.95,321
TD250M484.,TCD-250M-4/8,250,55.0/14.0,4/8,B3,400,2 Speed,Gietijzer,0,0,6314 C3,6314 C3,IC411,8501529090,F/B,40,-20,B3-voet-horizontaal,,RAL5010,IP55,65x140,IEC60034,Boven-A1,95,0
1E000.12D6F2.,MS632-6,63,0.12,6,B3,230/400,IE1,Aluminium,1,0,,,,,,,,,,,,,,,,
2E045.00D6F4.,YX3-280S6,280,45.0,6,B3,400/690,IE2,Gietijzer,1,0,6317 C3,6317 C3,IC411,8501529090,F/B,40,-20,B3-voet-horizontaal,PTC,RAL5014 / RAL5014,IP55,75x140,IEC60034,Boven-A1,0.95,502
2M000.12D6F2.,EMS632-6,63,0.12,6,B3,230/400,IE2,Aluminium,48,0,6201 2RS C3,6201 2RS C3,IC411,8501510090,F/B,40,-20,B3-voet-horizontaal,,RAL5014 / RAL9005,IP55,11x23,IEC60034,Boven-A1,0.95,5
2M000.18D6F2.,EMS711-6,71,0.18,6,B3,230/400,IE2,Aluminium,23,0,6202 2RS C3,6202 2RS C3,IC411,8501510090,F/B,40,-20,B3-voet-horizontaal,,RAL5014 / RAL9005,IP55,14x30,IEC60034,Boven-A1,0.95,6.2
2M000.25D6F2.,EMS712-6,71,0.25,6,B3,230/400,IE2,Aluminium,99,0,6202 2RS C3,6202 2RS C3,IC411,8501510090,F/B,40,-20,B3-voet-horizontaal,,RAL5014 / RAL9005,IP55,14x30,IEC60034,Boven-A1,0.95,6.5
2M000.37D6F2.,EMS801-6,80,0.37,6,B3,230/400,IE2,Aluminium,25,0,6204 2RS C3,6204 2RS C3,IC411,8501510090,F/B,40,-20,B3-voet-horizontaal,,RAL5014 / RAL9005,IP55,19x40,IEC60034,Boven-A1,0.95,9.9
2M000.55D6F2.,EMS802-6,80,0.55,6,B3,230/400,IE2,Aluminium,33,0,6204 2RS C3,6204 2RS C3,IC411,8501510090,F/B,40,-20,B3-voet-horizontaal,,RAL5014 / RAL9005,IP55,19x40,IEC60034,Boven-A1,0.95,9.2
2M001.10D6F2.,EMS90L6,90,1.1,6,B3,230/400,IE2,Aluminium,0,0,6205 2RS C3,6205 2RS C3,IC411,8501522089,F/B,40,-20,B3-voet-horizontaal,,RAL5014 / RAL9005,IP55,24x50,IEC60034,Boven-A1,0.95,17
2M002.20D6F4.,EMS112M6,112,2.2,6,B3,400/690,IE2,Aluminium,0,0,6306 2RS C3,6306 2RS C3,IC411,8501522089,F/B,40,-20,B3-voet-horizontaal,,RAL5014 / RAL9005,IP55,28x60,IEC60034,Boven-A1,0.95,27
2M004.00D6F4.,EMS132M1-6,132,4.0,6,B3,400/690,IE2,Aluminium,3,0,6308 2RS C3,6308 2RS C3,IC411,8501522089,F/B,40,-20,B3-voet-horizontaal,,RAL5014 / RAL9005,IP55,38x80,IEC60034,Boven-A1,0.95,44
3E007.50D6F4.,T3CR-160M-6,160,7.5,6,B3,400/690,IE3,Gietijzer,5,0,6309 2RS C3,6309 2RS C3,IC411,85015220 89,F/B,40,-20,B3-voet-horizontaal,PTC,RAL7030 / RAL7030,IP55,42x110,IEC60034,Boven-A1,0.95,111
3E011.00D6F4.,T3CR-160L-6,160,11.0,6,B3,400/690,IE3,Gietijzer,8,0,6309 2RS C3,6309 2RS C3,IC411,85015230 90,F/B,40,-20,B3-voet-horizontaal,PTC,RAL7030 / RAL7030,IP55,42x110,IEC60034,Boven-A1,0.95,139
3E015.00D6F4.,T3CR-180L-6,180,15.0,6,B3,400/690,IE3,Gietijzer,4,6,6311 2RS C3,6311 2RS C3,IC411,85015230 90,F/B,40,-20,B3-voet-horizontaal,PTC,RAL7030 / RAL7030,IP55,48x110,IEC60034,Boven-A1,0.95,173
3E018.50D6F4.,T3CR-200L1-6,200,18.5,6,B3,400/690,IE3,Gietijzer,4,4,6312 2RS C3,6312 2RS C3,IC411,85015230 90,F/B,40,-20,B3-voet-horizontaal,PTC,RAL7030 / RAL7030,IP55,55x110,IEC60034,Boven-A1,0.95,216
3E022.00D6F4.,T3CR-200L2-6,200,22.0,6,B3,400/690,IE3,Gietijzer,4,4,6312 2RS C3,6312 2RS C3,IC411,85015230 90,F/B,40,-20,B3-voet-horizontaal,PTC,RAL7030 / RAL7030,IP55,55x110,IEC60034,Boven-A1,0.95,233
3E030.00D6F4.,T3CR-225M-6,225,30.0,6,B3,400/690,IE3,Gietijzer,10,0,6313 C3,6313 C3,IC411,85015230 90,F/B,40,-20,B3-voet-horizontaal,PTC,RAL7030 / RAL7030,IP55,60x140,IEC60034,Boven-A1,0.95,312
3E037.00D6F4.,T3CR-250M-6,250,37.0,6,B3,400/690,IE3,Gietijzer,0,5,6314 C3,6314 C3,IC411,85015230 90,F/B,40,-20,B3-voet-horizontaal,PTC,RAL7030 / RAL7030,IP55,65x140,IEC60034,Boven-A1,0.95,371
3E045.00D6F4.,T3CR-280S-6,280,45.0,6,B3,400/690,IE3,Gietijzer,3,0,6316 C3,6316 C3,IC411,85015290 90,F/B,40,-20,B3-voet-horizontaal,PTC,RAL7030 / RAL7030,IP55,75x140,IEC60034,Boven-A1,0.95,478
3E055.00D6F4.,T3CR-280M-6,280,55.0,6,B3,400/690,IE3,Gietijzer,1,1,6316 C3,6316 C3,IC411,85015290 90,F/B,40,-20,B3-voet-horizontaal,PTC,RAL7030 / RAL7030,IP55,75x140,IEC60034,Boven-A1,0.95,543
3E075.00D6F4.,T3C-315S-6,315,75.0,6,B3,400/690,IE3,Gietijzer,0,1,6319 C3,6319 C3,IC411,85015290 90,F/B,40,-20,B3-voet-horizontaal,PTC,RAL7030 / RAL7030,IP55,80x170,IEC60034,Boven-A1,0.95,775
3E090.00D6K4.,T3C-315M-6,315,90.0,6,B3,400/690,IE3,Gietijzer,1,0,6319 C3,6319 C3,IC411,85015381 94,F/B,40,-20,B3-voet-horizontaal,PTC,RAL7030 / RAL7030,IP55,80x170,IEC60034,Boven-A1,0.95,873
3E160.00D6F4.,T3C-355M1-6,355,160.0,6,B3,400/690,IE3,Gietijzer,0,0,6322 C3,6322 C3,IC411,85015381 106,F/B,40,-20,B3-voet-horizontaal,PTC,RAL7030 / RAL7030,IP55,100x210,IEC60034,Boven-A1,0.95,1419
3E250.00D6K4.,T3C-355L2-6,355,250.0,6,B3,400/690,IE3,Gietijzer,0,0,6322 C3,6322 C3,IC411,8501538190,F/B,40,-20,B3-voet-horizontaal,PTC,RAL7030 / RAL7030,IP55,100x210,IEC60034,Boven-A1,0.95,1846
3E280.00D6V4.,T3CR-280M-6,280,280.0,6,V1,400/690,IE3,Gietijzer,0,0,,,,,,,,,,,,,,,,
3E355.00D6K4.,T3C-355L5-6,355,355.0,6,B3,400/690,IE3,Gietijzer,0,0,6224 C3,6224 C3,IC411,8501538190,F/B,40,-20,B3-voet-horizontaal,PTC,RAL7030 / RAL7030,IP55,100x210,IEC60034,Boven-A1,0.95,2160
3M000.75D6F2.,HMS90S6,90,0.75,6,B3,230/400,IE3,Aluminium,20,0,6205 2RS C3,6205 2RS C3,IC411,8501510090,F/B,40,-20,B3-voet-horizontaal,PTC,RAL7030 / RAL9005,IP55,24x50,IEC60034,Boven-A1,0.95,13
3M001.10D6F2.,HMS90L6,90,1.1,6,B3,230/400,IE3,Aluminium,50,0,6205 2RS C3,6205 2RS C3,IC411,8501522089,F/B,40,-20,B3-voet-horizontaal,PTC,RAL7030 / RAL9005,IP55,24x50,IEC60034,Boven-A1,0.95,14
3M001.50D6F2.,HMS100L6,100,1.5,6,B3,230/400,IE3,Aluminium,42,0,6206 2RS C3,6206 2RS C3,IC411,8501522089,F/B,40,-20,B3-voet-horizontaal,PTC,RAL7030 / RAL9005,IP55,28x60,IEC60034,Boven-A1,0.95,24
3M002.20D6F2.,HMS112M6,112,2.2,6,B3,230/400,IE3,Aluminium,11,18,6306 2RS C3,6306 2RS C3,IC411,8501522089,F/B,40,-20,B3-voet-horizontaal,PTC,RAL7030 / RAL9005,IP55,28x60,IEC60034,Boven-A1,0.95,30
3M002.20D6F4.,HMS112M6,112,2.2,6,B3,400/690,IE3,Aluminium,22,18,6306 2RS C3,6306 2RS C3,IC411,8501522089,F/B,40,-20,B3-voet-horizontaal,PTC,RAL7030 / RAL9005,IP55,28x60,IEC60034,Boven-A1,0.95,30
3M003.00D6F2.,HMS132S6,132,3.0,6,B3,230/400,IE3,Aluminium,18,0,6308 2RS C3,6308 2RS C3,IC411,8501522089,F/B,40,-20,B3-voet-horizontaal,PTC,RAL7030 / RAL9005,IP55,38x80,IEC60034,Boven-A1,0.95,36
3M003.00D6F4.,HMS132S6,132,3.0,6,B3,400/690,IE3,Aluminium,28,0,6308 2RS C3,6308 2RS C3,IC411,8501522089,F/B,40,-20,B3-voet-horizontaal,PTC,RAL7030 / RAL9005,IP55,38x80,IEC60034,Boven-A1,0.95,36
3M004.00D6F2.,HMS132M1-6,132,4.0,6,B3,230/400,IE3,Aluminium,36,0,6308 2RS C3,6308 2RS C3,IC411,8501522089,F/B,40,-20,B3-voet-horizontaal,PTC,RAL7030 / RAL9005,IP55,38x80,IEC60034,Boven-A1,0.95,48
3M004.00D6F4.,HMS132M1-6,132,4.0,6,B3,400/690,IE3,Aluminium,13,12,6308 2RS C3,6308 2RS C3,IC411,8501522089,F/B,40,-20,B3-voet-horizontaal,PTC,RAL7030 / RAL9005,IP55,38x80,IEC60034,Boven-A1,0.95,48
3M005.50D6F2.,HMS132M2-6,132,5.5,6,B3,230/400,IE3,Aluminium,11,0,6308 2RS C3,6308 2RS C3,IC411,8501522089,F/B,40,-20,B3-voet-horizontaal,PTC,RAL7030 / RAL9005,IP55,38x80,IEC60034,Boven-A1,0.95,53
3M005.50D6F4.,HMS132M2-6,132,5.5,6,B3,400/690,IE3,Aluminium,22,24,6308 2RS C3,6308 2RS C3,IC411,8501522089,F/B,40,-20,B3-voet-horizontaal,PTC,RAL7030 / RAL9005,IP55,38x80,IEC60034,Boven-A1,0.95,59
3S007.50D6F4.,YE3-160XM-6,160,7.5,6,B3,400/690,IE3,Gietijzer,15,0,6309 2RS C3,6309 2RS C3,IC411,8501522089,F/B,40,-20,B3-voet-horizontaal,PTC,RAL7030 / RAL7030,IP55,42x110,IEC60034,Boven-A1,0.95,130
3S011.00D6F4.,YE3-160L-6,160,11.0,6,B3,400/690,IE3,Gietijzer,14,1,6309 2RS C3,6309 2RS C3,IC411,8501523090,F/B,40,-20,B3-voet-horizontaal,PTC,RAL7030 / RAL7030,IP55,42x110,IEC60034,Boven-A1,0.95,145
3S015.00D6F4.,YE3-180XL-6,180,15.0,6,B3,400/690,IE3,Gietijzer,5,0,6311 2RS C3,6311 2RS C3,IC411,8501523090,F/B,40,-20,B3-voet-horizontaal,PTC,RAL7030 / RAL7030,IP55,48x110,IEC60034,Boven-A1,0.95,195
3S018.50D6F4.,YE3-200L1-6,200,18.5,6,B3,400/690,IE3,Gietijzer,13,0,6312 2RS C3,6312 2RS C3,IC411,8501523090,F/B,40,-20,B3-voet-horizontaal,PTC,RAL7030 / RAL7030,IP55,55x110,IEC60034,Boven-A1,0.95,250
3S022.00D6F4.,YE3-200L2-6,200,22.0,6,B3,400/690,IE3,Gietijzer,2,0,6312 2RS C3,6312 2RS C3,IC411,8501523090,F/B,40,-20,B3-voet-horizontaal,PTC,RAL7030 / RAL7030,IP55,55x110,IEC60034,Boven-A1,0.95,265
3S030.00D6F4.,YE3-225M6,225,30.0,6,B3,400/690,IE3,Gietijzer,3,0,6313 C3,6313 C3,IC411,8501523090,F/B,40,-20,B3-voet-horizontaal,PTC,RAL7030 / RAL7030,IP55,60x140,IEC60034,Boven-A1,0.95,320
3S045.00D6F4.,YE3-280S6,280,45.0,6,B3,400/690,IE3,Gietijzer,0,0,6317 C3,6317 C3,IC411,8501529090,F/B,40,-20,B3-voet-horizontaal,PTC,RAL7030 / RAL7030,IP55,75x140,IEC60034,Boven-A1,0.95,555
3S055.00D6F4.,YE3-280M6,280,55.0,6,B3,400/690,IE3,Gietijzer,0,0,6317 C3,6317 C3,IC411,8501529090,F/B,40,-20,B3-voet-horizontaal,PTC,RAL7030 / RAL7030,IP55,75x140,IEC60034,Boven-A1,0.95,630
3S090.00D6K4.,YE3-315M-6,315,90.0,6,B3,400/690,IE3,Gietijzer,0,5,6319 C3,6319 C3,IC411,8501538190,F/B,40,-20,B3-voet-horizontaal,PTC,RAL7030 / RAL7030,IP55,80x170,IEC60034,Boven-A1,0.95,980
3XE015.00D6F4.,T3CR-160L2-6,160,15.0,6,B3,400/690,IE3,Gietijzer,8,0,6309 2RS C3,6309 2RS C3,IC411,8501523090,F/B,40,-20,B3-voet-horizontaal,PTC,RAL7030 / RAL7030,IP55,42x110,IEC60034,Boven-A1,0.95,154
3XE018.50D6F4.,T3CR-180L2-6,180,18.5,6,B3,400/690,IE3,Gietijzer,5,0,6311 2RS C3,6311 2RS C3,IC411,8501523090,F/B,40,-20,B3-voet-horizontaal,PTC,RAL7030 / RAL7030,IP55,48x110,IEC60034,Boven-A1,0.95,192
3XE030.00D6F4.,T3CR-200L3-6,200,30.0,6,B3,400/690,IE3,Gietijzer,4,6,6312 2RS C3,6312 2RS C3,IC411,8501523090,F/B,40,-20,B3-voet-horizontaal,PTC,RAL7030 / RAL7030,IP55,55x110,IEC60034,Boven-A1,0.95,265
3XE037.00D6F4.,T3CR-225M2-6,225,37.0,6,B3,400/690,IE3,Gietijzer,1,4,6313 C3,6313 C3,IC411,8501523090,F/B,40,-20,B3-voet-horizontaal,PTC,RAL7030 / RAL7030,IP55,60x140,IEC60034,Boven-A1,0.95,354
3XE055.00D6F4.,T3CR-250M3-6,250,55.0,6,B3,400/690,IE3,Gietijzer,4,0,6314 C3,6314 C3,IC411,8501529090,F/B,40,-20,B3-voet-horizontaal,PTC,RAL7030 / RAL7030,IP55,65x140,IEC60034,Boven-A1,0.95,455
3XE075.00D6F4.,T3CR-280M2-6,280,75.0,6,B3,400/690,IE3,Gietijzer,1,2,6316 C3,6316 C3,IC411,8501529090,F/B,40,-20,B3-voet-horizontaal,PTC,RAL7030 / RAL7030,IP55,75x140,IEC60034,Boven-A1,0.95,652
4E002.20D6F4.,T4A-112M1-4,112,2.2,6,B3,400/690,IE4,Aluminium,0,0,6306 2RS C3,6206 2RS C3,IC411,8501522089,F/B,40,-20,B3-voet-horizontaal,PTC,RAL7024 / RAL7024,IP55,28x60,IEC60034,Boven-A1,0.95,35
4E005.50D6F4.,T4A-132M2-6,132,5.5,6,B3,400/690,IE4,Aluminium,0,0,6308 2RS C3,6208 2RS C3,IC411,8501522089,F/B,40,-20,B3-voet-horizontaal,PTC,RAL7024 / RAL7024,IP55,38x80,IEC60034,Boven-A1,0.95,68
4E007.50D6F4.,T4CR-160M-6,160,7.5,6,B3,400/690,IE4,Gietijzer,0,12,6309 2RS C3,6309 2RS C3,IC411,8501522089,F/B,40,-20,B3-voet-horizontaal,PTC,RAL7024 / RAL7024,IP55,42x110,IEC60034,Boven-A1,0.95,145
4E011.00D6F4.,T4CR-160L-6,160,11.0,6,B3,400/690,IE4,Gietijzer,0,12,6309 2RS C3,6309 2RS C3,IC411,8501523090,F/B,40,-20,B3-voet-horizontaal,PTC,RAL7024 / RAL7024,IP55,42x110,IEC60034,Boven-A1,0.95,185
4E015.00D6F4.,T4CR-180L-6,180,15.0,6,B3,400/690,IE4,Gietijzer,0,6,6311 2RS C3,6311 2RS C3,IC411,8501523090,F/B,40,-20,B3-voet-horizontaal,PTC,RAL7024 / RAL7024,IP55,48x110,IEC60034,Boven-A1,0.95,226
4E018.50D6F4.,T4CR-200L1-6,200,18.5,6,B3,400/690,IE4,Gietijzer,0,6,6312 2RS C3,6312 2RS C3,IC411,8501523090,F/B,40,-20,B3-voet-horizontaal,PTC,RAL7024 / RAL7024,IP55,55x110,IEC60034,Boven-A1,0.95,246
4E022.00D6F4.,T4CR-200L2-6,200,22.0,6,B3,400/690,IE4,Gietijzer,0,6,6312 2RS C3,6312 2RS C3,IC411,8501523090,F/B,40,-20,B3-voet-horizontaal,PTC,RAL7024 / RAL7024,IP55,55x110,IEC60034,Boven-A1,0.95,271
4E030.00D6F4.,T4CR-225M-6,225,30.0,6,B3,400/690,IE4,Gietijzer,0,6,6313 C3,6313 C3,IC411,8501523090,F/B,40,-20,B3-voet-horizontaal,PTC,RAL7024 / RAL7024,IP55,60x140,IEC60034,Boven-A1,0.95,351
4E037.00D6F4.,T4CR-250M-6,250,37.0,6,B3,400/690,IE4,Gietijzer,1,2,6314 C3,6314 C3,IC411,8501523090,F/B,40,-20,B3-voet-horizontaal,PTC,RAL7024 / RAL7024,IP55,65x140,IEC60034,Boven-A1,0.95,430
4E045.00D6F4.,T4CR-280S-6,280,45.0,6,B3,400/690,IE4,Gietijzer,0,2,6316 C3,6316 C3,IC411,8501529090,F/B,40,-20,B3-voet-horizontaal,PTC,RAL7024 / RAL7024,IP55,75x140,IEC60034,Boven-A1,0.95,533
4E055.00D6F4.,T4CR-280M-6,280,55.0,6,B3,400/690,IE4,Gietijzer,0,0,6316 C3,6316 C3,IC411,8501529090,F/B,40,-20,B3-voet-horizontaal,PTC,RAL7024 / RAL7024,IP55,75x140,IEC60034,Boven-A1,0.95,610
4E075.00D6F4.,T4C-315S-6,315,75.0,6,B3,400/690,IE4,Gietijzer,0,0,NU319 C3,6319 C3,IC411,8501529090,F/B,40,-20,B3-voet-horizontaal,PTC,RAL7024 / RAL7024,IP55,80x170,IEC60034,Boven-A1,0.95,1020
4E075.00D6K4.,T4C-315S-6,315,75.0,6,B3,400/690,IE4,Gietijzer,1,0,6319 C3,6319 C3,IC411,8501529090,F/B,40,-20,B3-voet-horizontaal,PTC,RAL7024 / RAL7024,IP55,80x170,IEC60034,Boven-A1,0.95,1020
4E090.00D6K4.,T4C-315M-6,315,90.0,6,B3,400/690,IE4,Gietijzer,1,0,6319 C3,6319 C3,IC411,8501538190,F/B,40,-20,B3-voet-horizontaal,PTC,RAL7024 / RAL7024,IP55,80x170,IEC60034,Boven-A1,0.95,922
4S075.00D6K4.,YE4-315S-6,315,75.0,6,B3,400/690,IE4,Gietijzer,0,0,6319 C3,6319 C3,IC411,8501529090,F/B,40,-20,B3-voet-horizontaal,PTC,RAL7024 / RAL7024,IP55,80x170,IEC60034,Boven-A1,0.95,905
4S160.00D6K4.,YE4-355M1-6,355,160.0,6,B3,400/690,IE4,Gietijzer,0,0,6322 C3,6322 C3,IC411,85015381 106,F/B,40,-20,B3-voet-horizontaal,PTC,RAL7024 / RAL7024,IP55,100x210,IEC60034,Boven-A1,0.95,0
DM100L6124.,MSD100L-6/12,100,1.1/0.25,6/12,B3,400,2 Speed,Aluminium,4,0,6206 2RS C3,6206 2RS C3,IC411,8501522089,F/B,40,-20,B3-voet-horizontaal,B3 - KKB,RAL5010,IP55,28x60,IEC60034,Boven-A1,0.95,27
DM112M6124.,MSD112M6/12,112,2.2/0.3,6/12,B3,400,2 Speed,Aluminium,14,0,6306 2RS C3,6306 2RS C3,IC411,8501522089,F/B,40,-20,B3-voet-horizontaal,B3 - KKB,RAL5010,IP55,28x60,IEC60034,Boven-A1,0,0
1E000.18D8F2.,MS801-8,80,0.18,8,B3,230/400,IE1,Aluminium,2,0,6204 2RS C3,6204 2RS C3,IC411,8501510090,F/B,40,-20,B3-voet-horizontaal,,RAL5010 / RAL9005,IP55,19x40,IEC60034,Boven-A1,0.95,9
2E007.50D8F4.,T2C-160L-8,160,7.5,8,B3,400/690,IE2,Gietijzer,0,0,6309 2RS C3,6309 2RS C3,IC411,8501522089,F/B,40,-20,B3-voet-horizontaal,PTC,RAL7030 / RAL7030,IP55,42x110,IEC60034,Boven-A1,0.95,116
2E011.00D8F4.,T2CR-180L-8,180,11.0,8,B3,400/690,IE2,Gietijzer,0,0,6311 2RS C3,6311 2RS C3,IC411,85015230 90,F/B,40,-20,B3-voet-horizontaal,PTC,RAL5014 / RAL 5014,IP55,48x110,IEC60034,Boven-A1,0.95,124
2M000.18D8F2.,EMS801-8,80,0.18,8,B3,230/400,IE2,Aluminium,11,0,6204 2RS C3,6204 2RS C3,IC411,8501510090,F/B,40,-20,B3-voet-horizontaal,,RAL5014 / RAL9005,IP55,19x40,IEC60034,Boven-A1,0.95,9.5
2M000.25D8F2.,EMS802-8,80,0.25,8,B3,230/400,IE2,Aluminium,76,0,6204 2RS C3,6204 2RS C3,IC411,8501510090,F/B,40,-20,B3-voet-horizontaal,,RAL5014 / RAL9005,IP55,19x40,IEC60034,Boven-A1,0.95,8
2M000.37D8F2.,EMS90S8,90,0.37,8,B3,230/400,IE2,Aluminium,27,0,6205 2RS C3,6205 2RS C3,IC411,8501510090,F/B,40,-20,B3-voet-horizontaal,,RAL5014 / RAL9005,IP55,24x50,IEC60034,Boven-A1,0.95,12
2M000.55D8F2.,EMS90L8,90,0.55,8,B3,230/400,IE2,Aluminium,28,0,6205 2RS C3,6205 2RS C3,IC411,8501510090,F/B,40,-20,B3-voet-horizontaal,,RAL5014 / RAL9005,IP55,24x50,IEC60034,Boven-A1,0.95,17
2S011.00D8F4.,YE2-180L-8,180,11.0,8,B3,400/690,IE2,Gietijzer,0,10,6311 2RS C3,6311 2RS C3,IC411,85015230 90,F/B,40,-20,B3-voet-horizontaal,PTC,RAL5014 / RAL 5014,IP55,48x110,IEC60034,Boven-A1,0.95,166
3E004.00D8F4.,T3CR-160M1-8,160,4.0,8,B3,400/690,IE3,Gietijzer,0,0,6309 2RS C3,6309 2RS C3,IC411,85015220 89,F/B,40,-20,B3-voet-horizontaal,PTC,RAL7030 / RAL7030,IP55,42x110,IEC60034,Boven-A1,0.95,90
3E005.50D8F4.,T3CR-160M2-8,160,5.5,8,B3,400/690,IE3,Gietijzer,0,0,6309 2RS C3,6309 2RS C3,IC411,85015220 89,F/B,40,-20,B3-voet-horizontaal,PTC,RAL7030 / RAL7030,IP55,42x110,IEC60034,Boven-A1,0.95,98
3E007.50D8F4.,T3CR-160L-8,160,7.5,8,B3,400/690,IE3,Gietijzer,0,0,6309 2RS C3,6309 2RS C3,IC411,85015220 89,F/B,40,-20,B3-voet-horizontaal,PTC,RAL7030 / RAL7030,IP55,42x110,IEC60034,Boven-A1,0.95,116
3E011.00D8F4.,T3CR-180L-8,180,11.0,8,B3,400/690,IE3,Gietijzer,0,8,6311 2RS C3,6311 2RS C3,IC411,85015230 90,F/B,40,-20,B3-voet-horizontaal,PTC,RAL7030 / RAL7030,IP55,48x110,IEC60034,Boven-A1,0.95,170
3E015.00D8F4.,T3CR-200L-8,200,15.0,8,B3,400/690,IE3,Gietijzer,0,0,6312 2RS C3,6312 2RS C3,IC411,85015230 90,F/B,40,-20,B3-voet-horizontaal,PTC,RAL7030 / RAL7030,IP55,55x110,IEC60034,Boven-A1,0.95,220
3E018.50D8F4.,T3CR-225S-8,225,18.5,8,B3,400/690,IE3,Gietijzer,0,0,6313 C3,6313 C3,IC411,85015230 90,F/B,40,-20,B3-voet-horizontaal,PTC,RAL7030 / RAL7030,IP55,60x140,IEC60034,Boven-A1,0.95,301
3E022.00D8F4.,T3CR-225M-8,225,22.0,8,B3,400/690,IE3,Gietijzer,0,0,6313 C3,6313 C3,IC411,85015230 90,F/B,40,-20,B3-voet-horizontaal,PTC,RAL7030 / RAL7030,IP55,60x140,IEC60034,Boven-A1,0.95,327
3E030.00D8F4.,T3CR-250M-8,250,30.0,8,B3,400/690,IE3,Gietijzer,2,0,6314 C3,6314 C3,IC411,85015230 90,F/B,40,-20,B3-voet-horizontaal,PTC,RAL7030 / RAL7030,IP55,65x140,IEC60034,Boven-A1,0.95,408
3E037.00D8F4.,T3CR-280S-8,280,37.0,8,B3,400/690,IE3,Gietijzer,0,1,6316 C3,6316 C3,IC411,85015230 90,F/B,40,-20,B3-voet-horizontaal,PTC,RAL7030 / RAL7030,IP55,75x140,IEC60034,Boven-A1,0.95,511
3E045.00D8F4.,T3CR-280M-8,280,45.0,8,B3,400/690,IE3,Gietijzer,0,3,6316 C3,6316 C3,IC411,85015290 90,F/B,40,-20,B3-voet-horizontaal,PTC,RAL7030 / RAL7030,IP55,75x140,IEC60034,Boven-A1,0.95,581
3E055.00D8F4.,T3C-315S-8,315,55.0,8,B3,400/690,IE3,Gietijzer,0,0,6319 C3,6319 C3,IC411,85015290 90,F/B,40,-20,B3-voet-horizontaal,PTC,RAL7030 / RAL7030,IP55,80x170,IEC60034,Boven-A1,0.95,893
3M000.75D8F2.,HMS100L1-8,100,0.75,8,B3,230/400,IE3,Aluminium,21,0,6206 2RS C3,6206 2RS C3,IC411,8501510090,F/B,40,-20,B3-voet-horizontaal,PTC,RAL7030 / RAL9005,IP55,28x60,IEC60034,Boven-A1,0.95,21
3M001.10D8F2.,HMS100L2-8,100,1.1,8,B3,230/400,IE3,Aluminium,18,0,6206 2RS C3,6206 2RS C3,IC411,8501522089,F/B,40,-20,B3-voet-horizontaal,PTC,RAL7030 / RAL9005,IP55,28x60,IEC60034,Boven-A1,0.95,23.8
3M001.50D8F2.,HMS112M8,112,1.5,8,B3,230/400,IE3,Aluminium,17,0,6306 2RS C3,6306 2RS C3,IC411,8501522089,F/B,40,-20,B3-voet-horizontaal,PTC,RAL7030 / RAL9005,IP55,28x60,IEC60034,Boven-A1,0.95,27.6
3M002.20D8F2.,HMS132S8,132,2.2,8,B3,230/400,IE3,Aluminium,25,0,6308 2RS C3,6308 2RS C3,IC411,8501522089,F/B,40,-20,B3-voet-horizontaal,PTC,RAL7030 / RAL9005,IP55,38x80,IEC60034,Boven-A1,0.95,50
3M002.20D8F4.,HMS132S8,132,2.2,8,B3,400/690,IE3,Aluminium,11,0,6308 2RS C3,6308 2RS C3,IC411,8501522089,F/B,40,-20,B3-voet-horizontaal,PTC,RAL7030 / RAL9005,IP55,38x80,IEC60034,Boven-A1,0.95,50
3M003.00D8F4.,HMS132M8,132,3.0,8,B3,400/690,IE3,Aluminium,20,0,6308 2RS C3,6308 2RS C3,IC411,8501522089,F/B,40,-20,B3-voet-horizontaal,PTC,RAL7030 / RAL9005,IP55,38x80,IEC60034,Boven-A1,0.95,45
3S003.00D8F4.,YE3-132M-8,132,3.0,8,B3,400/690,IE3,Gietijzer,0,0,6308 2RS C3,6308 2RS C3,IC411,8501522089,F/B,40,-20,B3-voet-horizontaal,PTC,RAL7030 / RAL9005,IP55,38x80,IEC60034,Boven-A1,0.95,0
3S004.00D8F4.,YE3-160XM1-8,160,4.0,8,B3,400/690,IE3,Gietijzer,5,0,6309 2RS C3,6309 2RS C3,IC411,8501522089,F/B,40,-20,B3-voet-horizontaal,PTC,RAL7030 / RAL7030,IP55,42x110,IEC60034,Boven-A1,0.95,102
3S005.50D8F4.,YE3-160M2-8,160,5.5,8,B3,400/690,IE3,Gietijzer,4,0,6309 2RS C3,6309 2RS C3,IC411,8501522089,F/B,40,-20,B3-voet-horizontaal,PTC,RAL7030 / RAL7030,IP55,42x110,IEC60034,Boven-A1,0.95,113
3S007.50D8F4.,YE3-160L-8,160,7.5,8,B3,400/690,IE3,Gietijzer,12,0,6309 2RS C3,6309 2RS C3,IC411,8501522089,F/B,40,-20,B3-voet-horizontaal,PTC,RAL7030 / RAL7030,IP55,42x110,IEC60034,Boven-A1,0.95,132
3S011.00D8F4.,YE3-180XL-8,180,11.0,8,B3,400/690,IE3,Gietijzer,2,0,6311 2RS C3,6311 2RS C3,IC411,8501523090,F/B,40,-20,B3-voet-horizontaal,PTC,RAL7030 / RAL7030,IP55,48x110,IEC60034,Boven-A1,0.95,171
3S015.00D8F4.,YE3-200L-8,200,15.0,8,B3,400/690,IE3,Gietijzer,7,0,6312 2RS C3,6312 2RS C3,IC411,8501523090,F/B,40,-20,B3-voet-horizontaal,PTC,RAL7030 / RAL7030,IP55,55x110,IEC60034,Boven-A1,0.95,226
3S018.50D8F4.,YE3-225S8,225,18.5,8,B3,400/690,IE3,Gietijzer,5,0,6313 C3,6313 C3,IC411,8501523090,F/B,40,-20,B3-voet-horizontaal,PTC,RAL7030 / RAL7030,IP55,60x140,IEC60034,Boven-A1,0.95,269
3S022.00D8F4.,YE3-225M-8,225,22.0,8,B3,400/690,IE3,Gietijzer,5,0,6313 C3,6313 C3,IC411,8501523090,F/B,40,-20,B3-voet-horizontaal,PTC,RAL7030 / RAL7030,IP55,60x140,IEC60034,Boven-A1,0.95,289
3S030.00D8F4.,YE3-250M-8,250,30.0,8,B3,400/690,IE3,Gietijzer,0,0,6314 C3,6314 C3,IC411,8501523090,F/B,40,-20,B3-voet-horizontaal,PTC,RAL7030 / RAL7030,IP55,65x140,IEC60034,Boven-A1,0.95,365
3S045.00D8F4.,YE3-280M-8,280,45.0,8,B3,400/690,IE3,Gietijzer,0,0,6317 C3,6317 C3,IC411,8501529090,F/B,40,-20,B3-voet-horizontaal,PTC,RAL7030 / RAL7030,IP55,75x140,IEC60034,Boven-A1,0.95,557
3S055.00D8F4.,YE3-315S-8,315,55.0,8,B3,400/690,IE3,Gietijzer,1,0,NU319 C3,6319 C3,IC411,8501529090,F/B,40,-20,B3-voet-horizontaal,PTC,RAL7030 / RAL7030,IP55,80x170,IEC60034,Boven-A1,0.95,750
4E004.00D8F4.,T4CR-160M1-8,160,4.0,8,B3,400/690,IE4,Gietijzer,0,0,6309 2RS C3,6309 2RS C3,IC411,8501522089,F/B,40,-20,B3-voet-horizontaal,PTC,RAL7024 / RAL7024,IP55,42x110,IEC60034,Boven-A1,0.95,98
4E005.50D8F4.,T4CR-160M2-8,160,5.5,8,B3,400/690,IE4,Gietijzer,0,0,,,,,,,,,,,,,,,,
4E007.50D8F4.,T4CR-160L-8,160,7.5,8,B3,400/690,IE4,Gietijzer,0,0,6309 2RS C3,6309 2RS C3,IC411,8501522089,F/B,40,-20,B3-voet-horizontaal,PTC,RAL7024 / RAL7024,IP55,42x110,IEC60034,Boven-A1,0.95,161
4E011.00D8F4.,T4CR-180L-8,180,11.0,8,B3,400/690,IE4,Gietijzer,0,0,6309 2RS C3,6309 2RS C3,IC411,8501523090,F/B,40,-20,B3-voet-horizontaal,PTC,RAL7024 / RAL7024,IP55,48x110,IEC60034,Boven-A1,0.95,188
4E015.00D8F4.,T4CR-200L-8,200,15.0,8,B3,400/690,IE4,Gietijzer,0,0,6312 2RS C3,6312 2RS C3,IC411,8501523090,F/B,40,-20,B3-voet-horizontaal,PTC,RAL7024 / RAL7024,IP55,55x110,IEC60034,Boven-A1,0.95,220
4E018.50D8F4.,T4CR-225S-8,225,18.5,8,B3,400/690,IE4,Gietijzer,0,0,6313 C3,6313 C3,IC411,8501523090,F/B,40,-20,B3-voet-horizontaal,PTC,RAL7024 / RAL7024,IP55,60x140,IEC60034,Boven-A1,0.95,294
4E022.00D8F4.,T4CR-225M-8,225,22.0,8,B3,400/690,IE4,Gietijzer,0,0,6313 C3,6313 C3,IC411,8501523090,F/B,40,-20,B3-voet-horizontaal,PTC,RAL7024 / RAL7024,IP55,60x140,IEC60034,Boven-A1,0.95,319
4E030.00D8F4.,T4CR-250M-8,250,30.0,8,B3,400/690,IE4,Gietijzer,0,0,6314 C3,6314 C3,IC411,8501523090,F/B,40,-20,B3-voet-horizontaal,PTC,RAL7024 / RAL7024,IP55,65x140,IEC60034,Boven-A1,0.95,383
4E037.00D8F4.,T4CR-280S-8,280,37.0,8,B3,400/690,IE4,Gietijzer,0,0,6316 C3,6316 C3,IC411,8501523090,F/B,40,-20,B3-voet-horizontaal,PTC,RAL7024 / RAL7024,IP55,75x140,IEC60034,Boven-A1,0.95,516
4E045.00D8F4.,T4CR-280M-8,280,45.0,8,B3,400/690,IE4,Gietijzer,0,0,6316 C3,6316 C3,IC411,8501529090,F/B,40,-20,B3-voet-horizontaal,PTC,RAL7024 / RAL7024,IP55,75x140,IEC60034,Boven-A1,0.95,575
4E055.00D8F4.,T4C-315S-8,315,55.0,8,B3,400/690,IE4,Gietijzer,0,0,NU319 C3,6319 C3,IC411,8501529090,F/B,40,-20,B3-voet-horizontaal,PTC,RAL7024 / RAL7024,IP55,80x170,IEC60034,Boven-A1,0.95,900
Y004.00D8F40.,Y3-160M1-8,160,4.0,8,B3,400/690,IE1,Gietijzer,3,0,6309 ZZ C3,6309 ZZ C3,IC411,8501522089,F/B,40,-20,B3-voet-horizontaal,,RAL5010 / RAL5010,IP55,42x110,IEC60034,Boven-A1,0.95,102
Y005.50D8F40.,Y3-160M2-8,160,5.5,8,B3,400/690,IE1,Gietijzer,4,0,6309 ZZ C3,6309 ZZ C3,IC411,8501522089,F/B,40,-20,B3-voet-horizontaal,,RAL5010 / RAL5010,IP55,42x110,IEC60034,Boven-A1,0.95,102
Y007.50D8F40.,Y3-160L8,160,7.5,8,B3,400/690,IE1,Gietijzer,3,0,6309 ZZ C3,6309 ZZ C3,IC411,8501522089,F/B,40,-20,B3-voet-horizontaal,,RAL5010 / RAL5010,IP55,42x110,IEC60034,Boven-A1,0.95,122
Y011.00D8F40.,Y3-180L8,180,11.0,8,B3,400/690,IE1,Gietijzer,8,0,6311 ZZ C3,6311 ZZ C3,IC411,8501523090,F/B,40,-20,B3-voet-horizontaal,PTC,RAL5010 / RAL5010,IP55,48x110,IEC60034,Boven-A1,0.95,155
Y015.00D8F40.,Y3-200L8,200,15.0,8,B3,400/690,IE1,Gietijzer,2,0,6312 ZZ C3,6312 ZZ C3,IC411,8501523090,F/B,40,-20,B3-voet-horizontaal,PTC,RAL5010 / RAL5010,IP55,55x110,IEC60034,Boven-A1,0.95,212
Y022.00D8D4.,Y3-225M8,225,22.0,8,B3,400/690,IE1,Gietijzer,3,0,6313 C3,6313 C3,IC411,8501523090,F/B,40,-20,B5-flens-horizontaal,PTC,RAL5010 / RAL5010,IP55,60x140,IEC60034,Boven-A1,0.95,296
Y037.00D8F40.,Y3-280S8,280,37.0,8,B3,400/690,IE1,Gietijzer,2,0,6317 C3,6317 C3,IC411,8501523090,F/B,40,-20,B3-voet-horizontaal,PTC,RAL5010 / RAL5010,IP55,75x140,IEC60034,Boven-A1,0.95,485
JB14A-100,B14A FLENS - 160-130-110 MM,100,,,,,,,4,0,,,,,,,,,,,,,,,,
JB14A-112,B14A FLENS - 160-130-110 MM,112,,,,,,,5,0,,,,,,,,,,,,,,,,
JB14A-132,B14A FLENS - 200-165-130 MM,132,,,,,,,5,0,,,,,,,,,,,,,,,,
JB14A-71,B14A FLENS - 105-85-70 MM,71,,,,,,,11,0,,,,,,,,,,,,,,,,
JB14A-80,B14A FLENS - 120-100-80 MM,80,,,,,,,0,15,,,,,,,,,,,,,,,,
JB14A-90,B14A FLENS - 140-115-95 MM,90,,,,,,,0,4,,,,,,,,,,,,,,,,
JB5-100,B5 FLENS - 250-215-180 MM,100,,,,,,,8,0,,,IC411,8503009999,F/B,40,-20,Onderdeel,,/,IP55,,IEC60034,,0.95,2
JB5-112,B5 FLENS - 250-215-180 MM,112,,,,,,,10,0,,,IC411,8503009999,F/B,40,-20,Onderdeel,,/,IP55,,IEC60034,,0.95,2
JB5-132,B5 FLENS - 300-265-230 MM,132,,,,,,,10,0,,,IC411,8503009999,F/B,40,-20,Onderdeel,,/,IP55,,IEC60034,,0.95,3
JB5-71,B5 FLENS - 160-130-110 MM,71,,,,,,,8,0,,,,,,,,,,,,,,,,
JB5-80,B5 FLENS - 200-165-130 MM,80,,,,,,,3,0,,,,,,,,,,,,,,,,
JB5-90,B5 FLENS - 200-165-130 MM,90,,,,,,,6,0,,,IC411,8503009999,F/B,40,-20,Onderdeel,,/,IP55,,IEC60034,,0.95,1
MB14A-100,B14A FLENS - 160-130-110 MM,100,,,,,,,0,60,,,IC411,8503009999,F/B,40,-20,Onderdeel,,/,IP55,,IEC60034,,0.95,2
MB14A-112,B14A FLENS - 160-130-110 MM,112,,,,,,,9,20,,,IC411,8503009999,F/B,40,-20,Onderdeel,,/,IP55,,IEC60034,,0.95,2
MB14A-132,B14A FLENS - 200-165-130 MM,132,,,,,,,5,10,,,IC411,8503009999,F/B,40,-20,Onderdeel,,/,IP55,,IEC60034,,0.95,3
MB14A-63,B14A FLENS - 90-75-60 MM,63,,,,,,,38,0,,,IC411,8503009999,F/B,40,-20,Onderdeel,,/,IP55,,IEC60034,,0.95,1
MB14A-71,B14A FLENS - 105-85-70 MM,71,,,,,,,5,40,,,IC411,8503009999,F/B,40,-20,Onderdeel,,/,IP55,,IEC60034,,0.95,1
MB14A-80,B14A FLENS - 120-100-80 MM,80,,,,,,,33,20,,,IC411,8503009999,F/B,40,-20,Onderdeel,,/,IP55,,IEC60034,,0.95,1
MB14A-90,B14A FLENS - 140-115-95 MM,90,,,,,,,46,20,,,IC411,8503009999,F/B,40,-20,Onderdeel,,/,IP55,,IEC60034,,0.95,1
MB14B-100,B14B FLENS - 200-165-130 MM,100,,,,,,,0,15,,,IC411,8503009999,F/B,40,-20,Onderdeel,,/,IP55,,IEC60034,,0.95,2
MB14B-112,B14B FLENS - 200-165-130 MM,112,,,,,,,4,10,,,IC411,8503009999,F/B,40,-20,Onderdeel,,/,IP55,,IEC60034,,0.95,2
MB14B-132,B14B FLENS - 250-215-180 MM,132,,,,,,,11,0,,,IC411,8503009999,F/B,40,-20,Onderdeel,,/,IP55,,IEC60034,,0.95,3
MB14B-63,B14B FLENS - 120-100-80 MM,63,,,,,,,9,10,,,IC411,8503009999,F/B,40,-20,Onderdeel,,/,IP55,,IEC60034,,0.95,1
MB14B-71,B14B FLENS - 140-115-95 MM,71,,,,,,,21,0,,,IC411,8503009999,F/B,40,-20,Onderdeel,,/,IP55,,IEC60034,,0.95,1
MB14B-80,B14B FLENS - 160-130-110 MM,80,,,,,,,17,0,,,IC411,8503009999,F/B,40,-20,Onderdeel,,/,IP55,,IEC60034,,0.95,1
MB14B-90,B14B FLENS - 160-130-110 MM,90,,,,,,,10,0,,,IC411,8503009999,F/B,40,-20,Onderdeel,,/,IP55,,IEC60034,,0.95,1
MB5-100,B5 FLENS - 250-215-180 MM,100,,,,,,,58,40,,,IC411,8503009999,F/B,40,-20,Onderdeel,,/,IP55,,IEC60034,,0.95,2
MB5-112,B5 FLENS - 250-215-180 MM,112,,,,,,,12,175,,,IC411,8503009999,F/B,40,-20,Onderdeel,,/,IP55,,IEC60034,,0.95,2
MB5-132,B5 FLENS - 300-265-230 MM,132,,,,,,,57,50,,,IC411,8503009999,F/B,40,-20,Onderdeel,,/,IP55,,IEC60034,,0.95,3
MB5-160,B5 FLENS - 350-300-250 MM,160,,,,,,,6,0,,,IC411,8503009999,F/B,40,-20,Onderdeel,,/,IP55,,IEC60034,,0.95,4
MB5-63,B5 FLENS - 140-115-95 MM,63,,,,,,,26,20,,,IC411,8503009999,F/B,40,-20,Onderdeel,,/,IP55,,IEC60034,,0.95,1
MB5-71,B5 FLENS - 160-130-110 MM,71,,,,,,,19,75,,,IC411,8503009999,F/B,40,-20,Onderdeel,,/,IP55,,IEC60034,,0.95,1
MB5-80,B5 FLENS - 200-165-130 MM,80,,,,,,,110,0,,,IC411,8503009999,F/B,40,-20,Onderdeel,,/,IP55,,IEC60034,,0.95,1
MB5-90,B5 FLENS - 200-165-130 MM,90,,,,,,,-4,140,,,IC411,8503009999,F/B,40,-20,Onderdeel,,/,IP55,,IEC60034,,0.95,1
MB5C-100,B5 FLENS GIETIJZER - 250-215-180 MM,100,,,,,,,0,10,,,IC411,8503009999,F/B,40,-20,Onderdeel,,/,IP55,,IEC60034,,0.95,2
MB5C-112,B5 FLENS GIETIJZER - 250-215-180 MM,112,,,,,,,0,5,,,IC411,8503009999,F/B,40,-20,Onderdeel,,/,IP55,,IEC60034,,0.95,3
MB5C-132,B5 FLENS GIETIJZER - 300-265-230 MM,132,,,,,,,0,10,,,IC411,8503009999,F/B,40,-20,Onderdeel,,/,IP55,,IEC60034,,0.95,3
MB5C-90,B5 FLENS GIETIJZER - 200-165-130 MM,90,,,,,,,5,5,,,IC411,8503009999,F/B,40,-20,Onderdeel,,/,IP55,,IEC60034,,0.95,2
MSB14B-100,B14B FLENS - MS/ML100,100,,,,,,,1,0,,,,,,,,,,,,,,,,
MSB14B-112,B14B FLENS - MS/ML112,112,,,,,,,18,0,,,,,,,,,,,,,,,,
MSB14B-132,B14B FLENS - MS/ML132,132,,,,,,,5,0,,,,,,,,,,,,,,,,
MSB14B-63,B14B FLENS - MS/ML63,63,,,,,,,4,0,,,,,,,,,,,,,,,,
MSB14B-80,B14B FLENS - MS/ML80,80,,,,,,,0,0,,,,,,,,,,,,,,,,
MSB14B-90,B14B FLENS - MS/ML90,90,,,,,,,9,0,,,,,,,,,,,,,,,,
MSB5-71,B5 FLENS - MS/ML71,71,,,,,,,1,0,,,,,,,,,,,,,,,,
MSB5-80,B5 FLENS - MS/ML80,80,,,,,,,1,0,,,,,,,,,,,,,,,,
MSB5-90,B5 FLENS - MS/ML90,90,,,,,,,0,0,,,,,,,,,,,,,,,,
SB5-160,B5 FLENS TYPE Y3-160,160,,,,,,,22,15,,,IC411,8503009999,F/B,40,-20,Onderdeel,,/,IP55,,IEC60034,,0.95,10
SB5-180,B5 FLENS TYPE Y3-180,180,,,,,,,50,0,,,IC411,8503009999,F/B,40,-20,Onderdeel,,/,IP55,,IEC60034,,0.95,10
SB5-200,B5 FLENS TYPE Y3-200,200,,,,,,,8,0,,,IC411,8503009999,F/B,40,-20,Onderdeel,,/,IP55,,IEC60034,,0.95,15
SB5-225,B5 FLENS TYPE Y3-225,225,,,,,,,44,0,,,IC411,8503009999,F/B,40,-20,Onderdeel,,/,IP55,,IEC60034,,0.95,20
SB5-250,B5 FLENS TYPE Y3-250,250,,,,,,,5,0,,,IC411,8503009999,F/B,40,-20,Onderdeel,,/,IP55,,IEC60034,,0.95,30
SB5-280,B5 FLENS TYPE Y3-280,280,,,,,,,3,0,,,IC411,8503009999,F/B,40,-20,Onderdeel,,/,IP55,,IEC60034,,0.95,40
SB5-280-2,B5 FLENS TYPE Y3-280 - 2P,280,,,,,,,1,0,,,IC411,8503009999,F/B,40,-20,Onderdeel,,/,IP55,,IEC60034,,0.95,40
SB5-315-2,B5 FLENS TYPE Y3-315 - 2P,315,,,,,,,2,0,,,IC411,8503009999,F/B,40,-20,Onderdeel,,/,IP55,,IEC60034,,0.95,50
SB5-315-4,B5 FLENS TYPE Y3-315,315,,,,,,,6,0,,,IC411,8503009999,F/B,40,-20,Onderdeel,,/,IP55,,IEC60034,,0.95,50
SB5-355-2,B5 FLENS TYPE Y3-355,355,,,,,,,1,0,,,IC411,8503009999,F/B,40,-20,Onderdeel,,/,IP55,,IEC60034,,0.95,75
SB5-355-4,B5 FLENS TYPE Y3-355,355,,,,,,,3,0,,,IC411,8503009999,F/B,40,-20,Onderdeel,,/,IP55,,IEC60034,,0.95,75
SB5O-180,OVERSIZED B5 FLENS Y3-180,180,,,,,,,0,0,,,IC411,8503009999,F/B,40,-20,Onderdeel,,/,IP55,,IEC60034,,0.95,12
SB5O-200,OVERSIZED B5 FLENS Y3-200,200,,,,,,,4,0,,,IC411,8503009999,F/B,40,-20,Onderdeel,,/,IP55,,IEC60034,,0.95,17
SB5O-225,OVERSIZED B5 FLENS Y3-225,225,,,,,,,13,0,,,IC411,8503009999,F/B,40,-20,Onderdeel,,/,IP55,,IEC60034,,0.95,23
TAB5-100,B5 FLENS - T3A/TMS100,100,,,,,,,26,0,,,IC411,8503009999,F/B,40,-20,Onderdeel,,/,IP55,,IEC60034,,0.95,2
TAB5-112,B5 FLENS - T3A/TMS112,112,,,,,,,10,0,,,IC411,8503009999,F/B,40,-20,Onderdeel,,/,IP55,,IEC60034,,0.95,2
TAB5-132,B5 FLENS - T3A132/TMS132,132,,,,,,,12,0,,,IC411,8503009999,F/B,40,-20,Onderdeel,,/,IP55,,IEC60034,,0.95,3
TAB5-80,B5 FLENS - T3A80/TMS80,80,,,,,,,16,0,,,IC411,8503009999,F/B,40,-20,Onderdeel,,/,IP55,,IEC60034,,0.95,1
TAB5-90,B5 FLENS - T3A90/TMS90,90,,,,,,,0,15,,,IC411,8503009999,F/B,40,-20,Onderdeel,,/,IP55,,IEC60034,,0.95,1
TB5-112,B5 FLENS VOOR TDA112,112,,,,,,,8,0,,,,,,,,,,,,,,,,
TB5-132,B5 FLENS VOOR TDA132,132,,,,,,,1,0,,,,,,,,,,,,,,,,
TCB14A-100,B14A FLENS - T3A/T4A-100,100,,,,,,,9,0,,,,,,,,,,,,,,,,
TCB14A-112,B14A FLENS - T3A/T4A-112,112,,,,,,,9,0,,,,,,,,,,,,,,,,
TCB14A-132,B14A FLENS - T3A/T4A-132,132,,,,,,,4,5,,,,,,,,,,,,,,,,
TCB14A-80,B14A FLENS - T3A/T4A-80,80,,,,,,,5,10,,,,,,,,,,,,,,,,
TCB14A-90,B14A FLENS - T3A/T4A-90,90,,,,,,,7,10,,,,,,,,,,,,,,,,
TCB5-100,B5 Flens - T3C/T4C-100,100,,,,,,,21,0,,,,,,,,,,,,,,,,
TCB5-112,B5 Flens - T3C/T4C-112,112,,,,,,,13,20,,,,,,,,,,,,,,,,
TCB5-132,B5 Flens -T3C/T4C-132,132,,,,,,,4,20,,,,,,,,,,,,,,,,
TCB5-160,B5 Flens - T3C/T4C 160,160,,,,,,,74,0,,,IC411,8503009999,F/B,40,-20,Onderdeel,,/,IP55,,IEC60034,,0.95,10
TCB5-180,B5 Flens - T3C/T4C 180,180,,,,,,,84,0,,,IC411,8503009999,F/B,40,-20,Onderdeel,,/,IP55,,IEC60034,,0.95,10
TCB5-200,B5 Flens - T3C/T4C 200,200,,,,,,,57,0,,,IC411,8503009999,F/B,40,-20,Onderdeel,,/,IP55,,IEC60034,,0.95,15
TCB5-225,B5 Flens - T3C/T4C 225,225,,,,,,,35,0,,,IC411,8503009999,F/B,40,-20,Onderdeel,,/,IP55,,IEC60034,,0.95,20
TCB5-250,B5 Flens - T3C/T4C 250,250,,,,,,,16,0,,,IC411,8503009999,F/B,40,-20,Onderdeel,,/,IP55,,IEC60034,,0.95,30
TCB5-280,B5 Flens - T3C/T4C 280,280,,,,,,,2,10,,,IC411,8503009999,F/B,40,-20,Onderdeel,,/,IP55,,IEC60034,,0.95,40
TCB5-315-2,B5 Flens - T3C/T4C-315 - 2P,315,,,,,,,4,0,,,IC411,8503009999,F/B,40,-20,Onderdeel,,/,IP55,,IEC60034,,0.95,50
TCB5-315-4,B5 Flens - T3C/T4C-315 - 4/6/8p,315,,,,,,,6,0,,,IC411,8503009999,F/B,40,-20,Onderdeel,,/,IP55,,IEC60034,,0.95,75
TCB5-355-4,B5 Flens - T3C/T4C-355 - 4/6/8p,355,,,,,,,2,0,,,IC411,8503009999,F/B,40,-20,Onderdeel,,/,IP55,,IEC60034,,0.95,75
TCB5-80,B5 Flens - T3C/T4C-80,80,,,,,,,18,20,,,,,,,,,,,,,,,,
TCB5-90,B5 Flens - T3C/T4C-90,90,,,,,,,9,20,,,,,,,,,,,,,,,,
TCB5O-180,Oversized B5 Flens - T3C/T4C-180,180,,,,,,,0,5,,,,,,,,,,,,,,,,
TCB5O-200,Overzised B5 Flens - T3C/T4C-200,200,,,,,,,8,0,,,,,,,,,,,,,,,,
TCB5O-225,Oversized B5 Flens - T3C/T4C-225,225,,,,,,,9,0,,,,,,,,,,,,,,,,
YB5-180,B5 FLENS TYPE Y3-180,180,,,,,,,1,0,,,IC411,8503009999,F/B,40,-20,Onderdeel,,/,IP55,,IEC60034,,0.95,10
YB5-225,B5 FLENS TYPE Y3-225,225,,,,,,,3,0,,,IC411,8503009999,F/B,40,-20,Onderdeel,,/,IP55,,IEC60034,,0.95,20
YB5-315-2,B5 FLENS TYPE Y3-315 - 2P,315,,,,,,,2,0,,,IC411,8503009999,F/B,40,-20,Onderdeel,,/,IP55,,IEC60034,,0.95,50
YB5-355-2,B5 FLENS TYPE Y3-355 - 2P,355,,,,,,,1,0,,,IC411,8503009999,F/B,40,-20,Onderdeel,,/,IP55,,IEC60034,,0.95,75
YB5O-180,OVERSIZED B5 FLENS Y3-180,180,,,,,,,0,0,,,IC411,8503009999,F/B,40,-20,Onderdeel,,/,IP55,,IEC60034,,0.95,12
YB5O-200,OVERSIZED B5 FLENS Y3-200,200,,,,,,,4,0,,,IC411,8503009999,F/B,40,-20,Onderdeel,,/,IP55,,IEC60034,,0.95,17
